"04.05.2016 08:26:45";"";"*9673";"FAILED";"-700,8400";"RUB";"-700,8400";"RUB";"Разные товары";"5999";"PayPal";"0"
"04.05.2016 08:25:48";"";"*9673";"FAILED";"-6,0900";"USD";"-399,2000";"RUB";"Разные товары";"5734";"DIGITALOCEAN COM";"0"
"04.05.2016 08:25:46";"";"*9673";"FAILED";"-6,0900";"USD";"-399,2000";"RUB";"Разные товары";"5734";"DIGITALOCEAN COM";"0"
"04.05.2016 08:25:00";"04.05.2016 00:00:00";"*9673";"OK";"-1200,0000";"RUB";"-1200,0000";"RUB";"Финан. услуги";"6012";"Перевод на карту";"0"
"03.05.2016 18:22:03";"03.05.2016 00:00:00";"*9673";"OK";"-304,0000";"RUB";"-304,0000";"RUB";"Финан. услуги";"6012";"Перевод на карту";"0"
"03.05.2016 17:15:55";"";"*4272";"OK";"-38,8900";"RUB";"-38,8900";"RUB";"Супермаркеты";"5921";"Красное и Белое";"0"
"03.05.2016 15:47:26";"";"*4272";"OK";"-24,0000";"RUB";"-24,0000";"RUB";"Фастфуд";"5814";"PEKARUSHKA";"0"
"03.05.2016 15:01:54";"";"*9673";"OK";"-3000,0000";"RUB";"-3000,0000";"RUB";"Наличные";"6011";"Снятие наличных: СвязьБанк, 24324321";"0"
"02.05.2016 09:15:26";"02.05.2016 00:00:00";"*9673";"OK";"-160,0000";"RUB";"-160,0000";"RUB";"Финан. услуги";"6012";"Перевод на карту";"0"
"02.05.2016 08:24:56";"";"*4272";"OK";"-532,5000";"RUB";"-532,5000";"RUB";"Топливо";"5541";"AZS 8 GPN               >";"0"
"02.05.2016 00:00:00";"03.05.2016 00:00:00";"*4272";"OK";"-760,0000";"RUB";"-760,0000";"RUB";"Авто услуги";"5533";"AVTOTAUN";"7"
"02.05.2016 00:00:00";"03.05.2016 00:00:00";"*4272";"OK";"-23,0000";"RUB";"-23,0000";"RUB";"Супермаркеты";"5411";"Магнит";"0"
"01.05.2016 00:00:00";"02.05.2016 00:00:00";"*4272";"OK";"-18610,0000";"RUB";"-18610,0000";"RUB";"Авто услуги";"5533";"MAZDA";"186"
"30.04.2016 15:27:16";"30.04.2016 00:00:00";"*9673";"OK";"18000,0000";"RUB";"18000,0000";"RUB";"Финан. услуги";"6012";"Пополнение. Карта другого банка.";"0"
"30.04.2016 15:26:52";"";"*4697";"OK";"-18000,0000";"RUB";"-18000,0000";"RUB";"Переводы";"";"Пополнение карты";"0"
"30.04.2016 11:38:52";"30.04.2016 00:00:00";"*9673";"OK";"-200,0000";"RUB";"-200,0000";"RUB";"Мобильные/иб";"";"Маша билайн +79069186981";"0"
"30.04.2016 11:38:49";"30.04.2016 00:00:00";"*9673";"OK";"-595,0000";"RUB";"-595,0000";"RUB";"Интернет, voip/иб";"";"Омские Кабельные Сети";"0"
"30.04.2016 00:00:00";"01.05.2016 00:00:00";"*4272";"OK";"-24,0000";"RUB";"-24,0000";"RUB";"Супермаркеты";"5411";"Магнит";"0"
"29.04.2016 00:00:00";"01.05.2016 00:00:00";"*4272";"OK";"-223,0000";"RUB";"-223,0000";"RUB";"Аптеки";"5912";"IP VLASENKO YU.V.";"2"
"29.04.2016 00:00:00";"30.04.2016 00:00:00";"*9673";"OK";"-6000,0000";"RUB";"-6000,0000";"RUB";"Наличные";"6011";"Снятие наличных: ГазПромБанк, 403150";"0"
"29.04.2016 00:00:00";"30.04.2016 00:00:00";"*9673";"OK";"6000,0000";"RUB";"6000,0000";"RUB";"Наличные";"6011";"Снятие наличных: ГазПромБанк, 403150";"0"
"29.04.2016 00:00:00";"30.04.2016 00:00:00";"*9673";"OK";"-5000,0000";"RUB";"-5000,0000";"RUB";"Наличные";"6011";"Снятие наличных: Сбербанк, 450779";"0"
"27.04.2016 11:39:50";"27.04.2016 00:00:00";"*9673";"OK";"-192,5000";"RUB";"-192,5000";"RUB";"Финан. услуги";"6012";"Перевод на карту";"0"
"26.04.2016 00:00:00";"27.04.2016 00:00:00";"*4272";"OK";"-145,0000";"RUB";"-145,0000";"RUB";"Супермаркеты";"5411";"Магнит";"1"
"25.04.2016 00:00:00";"25.04.2016 00:00:00";"*9673";"OK";"-99,0000";"RUB";"-99,0000";"RUB";"Другое";"";"Плата за обслуживание";"0"
"25.04.2016 00:00:00";"25.04.2016 00:00:00";"";"OK";"153,0000";"RUB";"153,0000";"RUB";"Другое";"";"Вознаграждение за операции покупок";"0"
"25.04.2016 00:00:00";"25.04.2016 00:00:00";"";"OK";"710,7300";"RUB";"710,7300";"RUB";"Другое";"";"Проценты на остаток по счету";"0"
"24.04.2016 16:12:36";"24.04.2016 00:00:00";"*9673";"OK";"-50,0000";"RUB";"-50,0000";"RUB";"Мобильные/иб";"";"Мегафон - автоплатеж +79236863722";"0"
"24.04.2016 00:00:00";"27.04.2016 00:00:00";"*4272";"OK";"-238,0000";"RUB";"-238,0000";"RUB";"Супермаркеты";"5411";"OKEY";"2"
"24.04.2016 00:00:00";"25.04.2016 00:00:00";"*9673";"OK";"-560,0000";"RUB";"-560,0000";"RUB";"Спорттовары";"5941";"Спортмастер";"5"
"23.04.2016 00:00:00";"26.04.2016 00:00:00";"*4272";"OK";"-354,0000";"RUB";"-354,0000";"RUB";"Топливо";"5541";"AZS 8 GPN";"3"
"23.04.2016 00:00:00";"25.04.2016 00:00:00";"*4272";"OK";"-394,0000";"RUB";"-394,0000";"RUB";"Супермаркеты";"5411";"LENTA";"3"
"23.04.2016 00:00:00";"24.04.2016 00:00:00";"*4272";"OK";"-3800,0000";"RUB";"-3800,0000";"RUB";"Авто услуги";"5533";"AVTOTAUN";"38"
"23.04.2016 00:00:00";"23.04.2016 00:00:00";"*4272";"OK";"-958,2400";"RUB";"-958,2400";"RUB";"Супермаркеты";"5411";"Ашан";"9"
"22.04.2016 00:00:00";"25.04.2016 00:00:00";"*4272";"OK";"-1057,0000";"RUB";"-1057,0000";"RUB";"Разные товары";"5999";"M-N NAST. IGR MOSIGRA";"10"
"21.04.2016 12:04:07";"21.04.2016 00:00:00";"*9673";"OK";"-310,0000";"RUB";"-310,0000";"RUB";"Финан. услуги";"6012";"Перевод на карту";"0"
"20.04.2016 00:00:00";"21.04.2016 00:00:00";"*4272";"OK";"-23,0000";"RUB";"-23,0000";"RUB";"Супермаркеты";"5411";"Магнит";"0"
"17.04.2016 00:00:00";"18.04.2016 00:00:00";"*4272";"OK";"-636,5000";"RUB";"-636,5000";"RUB";"Супермаркеты";"5411";"OKEY";"6"
"16.04.2016 00:00:00";"18.04.2016 00:00:00";"*4272";"OK";"-197,9800";"RUB";"-197,9800";"RUB";"Супермаркеты";"5921";"Красное и Белое";"1"
"14.04.2016 00:00:00";"16.04.2016 00:00:00";"*9673";"OK";"-46,0000";"RUB";"-46,0000";"RUB";"Супермаркеты";"5499";"PAKHOMENKOVA AT MARKET";"0"
"12.04.2016 00:00:00";"13.04.2016 00:00:00";"*4272";"OK";"-210,3200";"RUB";"-210,3200";"RUB";"Жкх/иб";"4900";"PSV*VSE PLATEZHI ZKH";"0"
"11.04.2016 00:00:00";"14.04.2016 00:00:00";"*4272";"OK";"-52,0000";"RUB";"-52,0000";"RUB";"Супермаркеты";"5411";"Магнит";"0"
"10.04.2016 00:00:00";"12.04.2016 00:00:00";"*4272";"OK";"-710,0000";"RUB";"-710,0000";"RUB";"Супермаркеты";"5411";"LENTA";"7"
"09.04.2016 08:51:54";"09.04.2016 00:00:00";"*9673";"OK";"-50,0000";"RUB";"-50,0000";"RUB";"Мобильные/иб";"";"Мегафон - автоплатеж +79236863722";"0"
"09.04.2016 00:00:00";"10.04.2016 00:00:00";"*4272";"OK";"-59,0000";"RUB";"-59,0000";"RUB";"Фастфуд";"5814";"PAKHOMENKOVA VODNIK";"0"
"08.04.2016 00:00:00";"10.04.2016 00:00:00";"*4272";"OK";"-84,3600";"RUB";"-84,3600";"RUB";"Жкх/иб";"4900";"HOLODNAJA VODA";"0"
"08.04.2016 00:00:00";"09.04.2016 00:00:00";"*4272";"OK";"-1002,5700";"RUB";"-1002,5700";"RUB";"Жкх/иб";"4900";"PSV*VSE PLATEZHI ZKH";"0"
"08.04.2016 00:00:00";"09.04.2016 00:00:00";"*4272";"OK";"-24,0000";"RUB";"-24,0000";"RUB";"Супермаркеты";"5411";"Магнит";"0"
"06.04.2016 00:00:00";"08.04.2016 00:00:00";"*9673";"OK";"-3500,0000";"RUB";"-3500,0000";"RUB";"Одежда, обувь";"5691";"IP KRAVCHENKO B.298";"35"
"06.04.2016 00:00:00";"07.04.2016 00:00:00";"*4272";"OK";"-119,0000";"RUB";"-119,0000";"RUB";"Дом, ремонт";"5722";"Мвидео";"1"
"04.04.2016 00:00:00";"06.04.2016 00:00:00";"*4272";"OK";"-84,0000";"RUB";"-84,0000";"RUB";"Супермаркеты";"5411";"Магнит";"0"
"04.04.2016 00:00:00";"06.04.2016 00:00:00";"*4272";"OK";"-34,0000";"RUB";"-34,0000";"RUB";"Супермаркеты";"5499";"FASOLINKA";"0"
"02.04.2016 11:57:57";"02.04.2016 00:00:00";"*9673";"OK";"-500000,0000";"RUB";"-500000,0000";"RUB";"Переводы/иб";"";"На свой счет в АО ""АЛЬФА-БАНК""";"0"
"02.04.2016 00:00:00";"03.04.2016 00:00:00";"*9673";"OK";"-27,0000";"RUB";"-27,0000";"RUB";"Супермаркеты";"5411";"Магнит";"0"
"01.04.2016 00:00:00";"03.04.2016 00:00:00";"*4272";"OK";"-800,0000";"RUB";"-800,0000";"RUB";"Сервис. услуги";"8999";"BIGLION";"0"
"31.03.2016 11:29:18";"31.03.2016 00:00:00";"*9673";"OK";"-200,0000";"RUB";"-200,0000";"RUB";"Мобильные/иб";"";"Маша билайн +79069186981";"0"
"31.03.2016 08:03:04";"31.03.2016 00:00:00";"*9673";"OK";"-200000,0000";"RUB";"-200000,0000";"RUB";"Переводы/иб";"";"На свой счет в АО ""АЛЬФА-БАНК""";"0"
"31.03.2016 00:00:00";"02.04.2016 00:00:00";"*4272";"OK";"-750,5000";"RUB";"-750,5000";"RUB";"Супермаркеты";"5411";"OKEY";"7"
"30.03.2016 10:48:51";"30.03.2016 00:00:00";"*9673";"OK";"-595,0000";"RUB";"-595,0000";"RUB";"Интернет, voip/иб";"";"Омские Кабельные Сети";"0"
"30.03.2016 08:07:02";"30.03.2016 00:00:00";"*9673";"OK";"-50000,0000";"RUB";"-50000,0000";"RUB";"Переводы/иб";"";"На свой счет в АО ""АЛЬФА-БАНК""";"0"
"30.03.2016 00:00:00";"31.03.2016 00:00:00";"*4272";"OK";"-24,0000";"RUB";"-24,0000";"RUB";"Супермаркеты";"5411";"Магнит";"0"
"30.03.2016 00:00:00";"30.03.2016 00:00:00";"*9673";"OK";"-10000,0000";"RUB";"-10000,0000";"RUB";"Наличные";"6011";"Снятие наличных: ГазПромБанк, 403130";"0"
"30.03.2016 00:00:00";"30.03.2016 00:00:00";"*9673";"OK";"10000,0000";"RUB";"10000,0000";"RUB";"Наличные";"6011";"Снятие наличных: ГазПромБанк, 403130";"0"
"29.03.2016 10:26:01";"29.03.2016 00:00:00";"*9673";"OK";"769150,0700";"RUB";"769150,0700";"RUB";"Другое";"";"Изъятие вклада при закрытии. Закрытие вклада Тинькофф Банк";"0"
"29.03.2016 00:00:00";"29.03.2016 00:00:00";"";"OK";"-769150,0700";"RUB";"-769150,0700";"RUB";"Вклад";"";"Перевод на счет (СКС) в связи с окончанием срока вклада";"0"
"29.03.2016 00:00:00";"29.03.2016 00:00:00";"";"OK";"-29,0000";"RUB";"-29,0000";"RUB";"Удержание налога";"";"Удержание налога на доходы физических лиц";"0"
"29.03.2016 00:00:00";"29.03.2016 00:00:00";"";"OK";"8137,9300";"RUB";"8137,9300";"RUB";"Проценты";"";"Капитализация";"0"
"27.03.2016 00:00:00";"29.03.2016 00:00:00";"*9673";"OK";"-108,0000";"RUB";"-108,0000";"RUB";"Супермаркеты";"5411";"Магнит";"1"
"27.03.2016 00:00:00";"28.03.2016 00:00:00";"*4272";"OK";"-1543,0000";"RUB";"-1543,0000";"RUB";"Супермаркеты";"5411";"LENTA";"15"
"26.03.2016 00:00:00";"27.03.2016 00:00:00";"*4272";"OK";"-346,0000";"RUB";"-346,0000";"RUB";"Красота";"5977";"PARIKMAKHERSKIY MAGAZIN";"3"
"25.03.2016 19:21:01";"25.03.2016 00:00:00";"*9673";"OK";"12500,0000";"RUB";"12500,0000";"RUB";"Финан. услуги";"6012";"Пополнение с карты другого банка. TINKOFF BANK CARD2CARD";"0"
"25.03.2016 00:00:00";"26.03.2016 00:00:00";"*4272";"OK";"-1261,5000";"RUB";"-1261,5000";"RUB";"Супермаркеты";"5411";"OKEY";"12"
"25.03.2016 00:00:00";"25.03.2016 00:00:00";"";"OK";"209,0000";"RUB";"209,0000";"RUB";"Другое";"";"Вознаграждение за операции покупок";"0"
"25.03.2016 00:00:00";"25.03.2016 00:00:00";"";"OK";"82,3400";"RUB";"82,3400";"RUB";"Другое";"";"Проценты на остаток по счету";"0"
"23.03.2016 00:00:00";"25.03.2016 00:00:00";"*4272";"OK";"-24,0000";"RUB";"-24,0000";"RUB";"Супермаркеты";"5411";"Магнит";"0"
"22.03.2016 13:32:15";"22.03.2016 00:00:00";"*9673";"OK";"5000,0000";"RUB";"5000,0000";"RUB";"Финан. услуги";"6012";"Пополнение. Карта другого банка.";"0"
"22.03.2016 13:29:49";"";"*4697";"OK";"-5000,0000";"RUB";"-5000,0000";"RUB";"Переводы";"";"Перевод c карты другого банка";"0"
"22.03.2016 00:00:00";"23.03.2016 00:00:00";"*4272";"OK";"-315,6700";"RUB";"-315,6700";"RUB";"Жкх/иб";"4900";"PSV*VSE PLATEZHI ZKH";"0"
"21.03.2016 00:00:00";"23.03.2016 00:00:00";"*4272";"OK";"-472,5000";"RUB";"-472,5000";"RUB";"Супермаркеты";"5411";"OKEY";"4"
"20.03.2016 00:00:00";"22.03.2016 00:00:00";"*4272";"OK";"-191,6100";"RUB";"-191,6100";"RUB";"Жкх/иб";"4900";"HOLODNAJA VODA";"0"
"20.03.2016 00:00:00";"21.03.2016 00:00:00";"*4272";"OK";"-117,0000";"RUB";"-117,0000";"RUB";"Супермаркеты";"5411";"Магнит";"1"
"18.03.2016 20:04:02";"18.03.2016 00:00:00";"*9673";"OK";"-50,0000";"RUB";"-50,0000";"RUB";"Мобильные/иб";"";"Мегафон - автоплатеж +79236863722";"0"
"15.03.2016 08:42:03";"15.03.2016 00:00:00";"*9673";"OK";"5000,0000";"RUB";"5000,0000";"RUB";"Финан. услуги";"6012";"Пополнение. Карта другого банка.";"0"
"15.03.2016 08:41:30";"";"*4697";"OK";"-5000,0000";"RUB";"-5000,0000";"RUB";"Переводы";"";"Перевод c карты другого банка";"0"
"14.03.2016 17:18:06";"14.03.2016 00:00:00";"*9673";"OK";"-50,0000";"RUB";"-50,0000";"RUB";"Мобильные/иб";"";"Мегафон - автоплатеж +79236863722";"0"
"13.03.2016 19:28:42";"13.03.2016 00:00:00";"*9673";"OK";"-50,0000";"RUB";"-50,0000";"RUB";"Мобильные/иб";"";"Мегафон - автоплатеж +79236863722";"0"
"11.03.2016 14:38:29";"11.03.2016 00:00:00";"*9673";"OK";"-50,0000";"RUB";"-50,0000";"RUB";"Мобильные/иб";"";"Мегафон - автоплатеж +79236863722";"0"
"10.03.2016 13:43:53";"10.03.2016 00:00:00";"*9673";"OK";"-50,0000";"RUB";"-50,0000";"RUB";"Мобильные/иб";"";"Мегафон - автоплатеж +79236863722";"0"
"05.03.2016 18:50:14";"05.03.2016 00:00:00";"*9673";"OK";"-90,0000";"RUB";"-90,0000";"RUB";"Другое";"";"Комиссия за перевод по реквизитам карты";"0"
"05.03.2016 18:50:14";"05.03.2016 00:00:00";"*9673";"OK";"-6000,0000";"RUB";"-6000,0000";"RUB";"Финан. услуги";"6012";"На карту другого банка";"0"
"05.03.2016 00:00:00";"07.03.2016 00:00:00";"*9673";"OK";"-238,5000";"RUB";"-238,5000";"RUB";"Супермаркеты";"5499";"MYASNAYA LAVKA";"2"
"05.03.2016 00:00:00";"07.03.2016 00:00:00";"*9673";"OK";"-74,0000";"RUB";"-74,0000";"RUB";"Фастфуд";"5814";"PAKHOMENKOVA VODNIK";"0"
"05.03.2016 00:00:00";"07.03.2016 00:00:00";"*9673";"OK";"-117,0000";"RUB";"-117,0000";"RUB";"Супермаркеты";"5411";"OKEY";"1"
"05.03.2016 00:00:00";"06.03.2016 00:00:00";"*4272";"OK";"-1084,6900";"RUB";"-1084,6900";"RUB";"Жкх/иб";"4900";"PSV*PERSPEKTIVA ZKH";"0"
"05.03.2016 00:00:00";"05.03.2016 00:00:00";"*9673";"OK";"-90,0000";"RUB";"-90,0000";"RUB";"Другое";"";"Комиссия за выдачу наличных в 80 KRASNYY PUT STR OMSK RU";"0"
"05.03.2016 00:00:00";"05.03.2016 00:00:00";"*9673";"OK";"-2200,0000";"RUB";"-2200,0000";"RUB";"Наличные";"6011";"Снятие наличных: Сбербанк, 83856";"0"
"05.03.2016 00:00:00";"05.03.2016 00:00:00";"*9673";"OK";"-5000,0000";"RUB";"-5000,0000";"RUB";"Наличные";"6011";"Снятие наличных: Сбербанк, 83856";"0"
"04.03.2016 00:00:00";"06.03.2016 00:00:00";"*9673";"OK";"-180,0000";"RUB";"-180,0000";"RUB";"Цветы";"5992";"FLORIDA  SHOP";"1"
"02.03.2016 00:00:00";"03.03.2016 00:00:00";"*9673";"OK";"-3498,0000";"RUB";"-3498,0000";"RUB";"Одежда, обувь";"5631";"Oysho";"174"
"01.03.2016 00:00:00";"02.03.2016 00:00:00";"*4272";"OK";"-11,0000";"RUB";"-11,0000";"RUB";"Супермаркеты";"5411";"Магнит";"0"
"29.02.2016 19:36:05";"29.02.2016 00:00:00";"*9673";"OK";"-200,0000";"RUB";"-200,0000";"RUB";"Мобильные/иб";"";"Маша билайн +79069186981";"0"
"29.02.2016 00:00:00";"29.02.2016 00:00:00";"";"OK";"8453,0400";"RUB";"8453,0400";"RUB";"Проценты";"";"Капитализация";"0"
"29.02.2016 00:00:00";"29.02.2016 00:00:00";"";"OK";"-30,0000";"RUB";"-30,0000";"RUB";"Удержание налога";"";"Удержание налога на доходы физических лиц";"0"
"29.02.2016 00:00:00";"01.03.2016 00:00:00";"*9673";"OK";"-600,0000";"RUB";"-600,0000";"RUB";"Жкх/иб";"4900";"VSE PLATEZHI";"0"
"29.02.2016 00:00:00";"01.03.2016 00:00:00";"*9673";"OK";"-50,0000";"RUB";"-50,0000";"RUB";"Супермаркеты";"5411";"ALYONKA  SHOP";"0"
"27.02.2016 08:51:47";"27.02.2016 00:00:00";"*9673";"OK";"20000,0000";"RUB";"20000,0000";"RUB";"Финан. услуги";"6012";"Пополнение. Карта другого банка.";"0"
"27.02.2016 08:51:26";"";"*4697";"OK";"-20000,0000";"RUB";"-20000,0000";"RUB";"Переводы";"";"Перевод c карты другого банка";"0"
"27.02.2016 00:00:00";"02.03.2016 00:00:00";"*4272";"OK";"-904,8000";"RUB";"-904,8000";"RUB";"Топливо";"5541";"AZS 8 GPN";"9"
"27.02.2016 00:00:00";"28.02.2016 00:00:00";"*9673";"OK";"-734,0000";"RUB";"-734,0000";"RUB";"Супермаркеты";"5411";"OKEY";"7"
"27.02.2016 00:00:00";"27.02.2016 00:00:00";"*9673";"OK";"-84,6200";"RUB";"-84,6200";"RUB";"Супермаркеты";"5411";"Aliexpress.com";"0"
"26.02.2016 06:52:17";"26.02.2016 00:00:00";"*9673";"OK";"-30,0000";"RUB";"-30,0000";"RUB";"Другое";"";"Комиссия за перевод по реквизитам карты";"0"
"26.02.2016 06:52:17";"26.02.2016 00:00:00";"*9673";"OK";"-2000,0000";"RUB";"-2000,0000";"RUB";"Финан. услуги";"6012";"На карту другого банка";"0"
"26.02.2016 00:00:00";"28.02.2016 00:00:00";"*4272";"OK";"-301,0000";"RUB";"-301,0000";"RUB";"Аптеки";"5912";"OOO FARMAKOPEYKA-ZS";"3"
"25.02.2016 00:00:00";"27.02.2016 00:00:00";"*4272";"OK";"-244,0000";"RUB";"-244,0000";"RUB";"Супермаркеты";"5411";"Магнит";"2"
"25.02.2016 00:00:00";"27.02.2016 00:00:00";"*4272";"OK";"-560,0000";"RUB";"-560,0000";"RUB";"Супермаркеты";"5411";"OKEY";"5"
"25.02.2016 00:00:00";"25.02.2016 00:00:00";"";"OK";"653,0000";"RUB";"653,0000";"RUB";"Другое";"";"Вознаграждение за операции покупок";"0"
"25.02.2016 00:00:00";"25.02.2016 00:00:00";"";"OK";"125,9500";"RUB";"125,9500";"RUB";"Другое";"";"Проценты на остаток по счету";"0"
"24.02.2016 13:33:27";"24.02.2016 00:00:00";"*9673";"OK";"7000,0000";"RUB";"7000,0000";"RUB";"Финан. услуги";"6012";"Пополнение. Карта другого банка.";"0"
"24.02.2016 13:32:59";"";"*4697";"OK";"-7000,0000";"RUB";"-7000,0000";"RUB";"Переводы";"";"Перевод c карты другого банка";"0"
"24.02.2016 06:11:19";"24.02.2016 00:00:00";"*9673";"OK";"-50,0000";"RUB";"-50,0000";"RUB";"Мобильные/иб";"";"Мегафон - автоплатеж +79236863722";"0"
"24.02.2016 00:00:00";"26.02.2016 00:00:00";"*4272";"OK";"-59,0000";"RUB";"-59,0000";"RUB";"Фастфуд";"5814";"PEKARUSHKA";"0"
"23.02.2016 00:00:00";"25.02.2016 00:00:00";"*4272";"OK";"-108,2700";"RUB";"-108,2700";"RUB";"Супермаркеты";"5921";"Красное и Белое";"1"
"22.02.2016 08:15:23";"";"*4697";"FAILED";"-7000,0000";"RUB";"-7000,0000";"RUB";"Переводы";"";"Перевод c карты другого банка";"0"
"21.02.2016 00:00:00";"24.02.2016 00:00:00";"*4272";"OK";"-398,0000";"RUB";"-398,0000";"RUB";"Дом, ремонт";"5712";"ИКЕА";"3"
"21.02.2016 00:00:00";"24.02.2016 00:00:00";"*4272";"OK";"-1299,0000";"RUB";"-1299,0000";"RUB";"Одежда, обувь";"5651";"DEFACTO OZON G. RSY2";"64"
"21.02.2016 00:00:00";"22.02.2016 00:00:00";"*4272";"OK";"-159,5000";"RUB";"-159,5000";"RUB";"Аптеки";"5912";"OOO FARMAKOPEYKA-ZS";"1"
"20.02.2016 00:00:00";"22.02.2016 00:00:00";"*9673";"OK";"-114,0000";"RUB";"-114,0000";"RUB";"Фастфуд";"5814";"McDonald's";"1"
"20.02.2016 00:00:00";"22.02.2016 00:00:00";"*9673";"OK";"-170,0000";"RUB";"-170,0000";"RUB";"Рестораны";"5812";"BISTRO";"1"
"20.02.2016 00:00:00";"22.02.2016 00:00:00";"*4272";"OK";"-45,0000";"RUB";"-45,0000";"RUB";"Супермаркеты";"5411";"Магнит";"0"
"19.02.2016 16:41:06";"19.02.2016 00:00:00";"*9673";"OK";"-50,0000";"RUB";"-50,0000";"RUB";"Мобильные/иб";"";"Мегафон - автоплатеж +79236863722";"0"
"19.02.2016 11:10:17";"19.02.2016 00:00:00";"*9673";"OK";"5000,0000";"RUB";"5000,0000";"RUB";"Финан. услуги";"6012";"Пополнение. Карта другого банка.";"0"
"19.02.2016 11:09:52";"";"*4697";"OK";"-5000,0000";"RUB";"-5000,0000";"RUB";"Переводы";"";"Перевод c карты другого банка";"0"
"19.02.2016 09:59:29";"19.02.2016 00:00:00";"*9673";"OK";"-135,0000";"RUB";"-135,0000";"RUB";"Другое";"";"Комиссия за перевод по реквизитам карты";"0"
"19.02.2016 09:59:29";"19.02.2016 00:00:00";"*9673";"OK";"-9000,0000";"RUB";"-9000,0000";"RUB";"Финан. услуги";"6012";"На карту другого банка";"0"
"19.02.2016 00:00:00";"21.02.2016 00:00:00";"*4272";"OK";"-54,0000";"RUB";"-54,0000";"RUB";"Аптеки";"5912";"OOO FARMAKOPEYKA-ZS";"0"
"19.02.2016 00:00:00";"20.02.2016 00:00:00";"*9673";"OK";"-2176,0000";"RUB";"-2176,0000";"RUB";"Ж/д билеты";"4112";"WWW.RZD.RU";"21"
"18.02.2016 13:07:48";"18.02.2016 00:00:00";"*9673";"OK";"200,0000";"RUB";"200,0000";"RUB";"Другое";"";"Пополнение. Тинькофф Банк. Бонус в День Рождения";"0"
"17.02.2016 00:00:00";"19.02.2016 00:00:00";"*4272";"OK";"-899,0000";"RUB";"-899,0000";"RUB";"Дом, ремонт";"5722";"RBT.RU";"8"
"17.02.2016 00:00:00";"19.02.2016 00:00:00";"*4272";"OK";"-183,4000";"RUB";"-183,4000";"RUB";"Супермаркеты";"5411";"OOO FORMAT";"1"
"17.02.2016 00:00:00";"18.02.2016 00:00:00";"*9673";"OK";"-4500,0000";"RUB";"-4500,0000";"RUB";"Наличные";"6011";"Снятие наличных: Сбербанк, 93777";"0"
"16.02.2016 00:00:00";"17.02.2016 00:00:00";"*4272";"OK";"-51,5000";"RUB";"-51,5000";"RUB";"Аптеки";"5912";"IP SAVCHENKO E.V.";"0"
"15.02.2016 12:17:08";"15.02.2016 00:00:00";"*9673";"OK";"3500,0000";"RUB";"3500,0000";"RUB";"Финан. услуги";"6012";"Пополнение. Карта другого банка.";"0"
"15.02.2016 12:16:46";"";"*4697";"OK";"-3500,0000";"RUB";"-3500,0000";"RUB";"Переводы";"";"Перевод c карты другого банка";"0"
"15.02.2016 00:00:00";"19.02.2016 00:00:00";"*9673";"OK";"-6499,0000";"RUB";"-6499,0000";"RUB";"Одежда, обувь";"5661";"Ecco";"324"
"15.02.2016 00:00:00";"17.02.2016 00:00:00";"*4272";"OK";"-451,0000";"RUB";"-451,0000";"RUB";"Супермаркеты";"5411";"LENTA";"4"
"14.02.2016 00:00:00";"16.02.2016 00:00:00";"*4272";"OK";"-269,0000";"RUB";"-269,0000";"RUB";"Супермаркеты";"5411";"OKEY";"2"
"13.02.2016 00:00:00";"17.02.2016 00:00:00";"*4272";"OK";"-825,2300";"RUB";"-825,2300";"RUB";"Топливо";"5541";"AZS 49 GPN";"8"
"13.02.2016 00:00:00";"15.02.2016 00:00:00";"*4272";"OK";"-1150,0000";"RUB";"-1150,0000";"RUB";"Фото/видео";"5045";"AO TEHNOPOINT";"11"
"12.02.2016 08:41:03";"12.02.2016 00:00:00";"*9673";"OK";"-30000,0000";"RUB";"-30000,0000";"RUB";"Переводы/иб";"";"На вклад «СмартВклад RUB»";"0"
"12.02.2016 08:25:00";"12.02.2016 00:00:00";"*9673";"OK";"31000,0000";"RUB";"31000,0000";"RUB";"Финан. услуги";"6012";"Пополнение. Карта другого банка.";"0"
"12.02.2016 08:20:30";"";"*4697";"OK";"-31000,0000";"RUB";"-31000,0000";"RUB";"Переводы";"";"Перевод c карты другого банка";"0"
"12.02.2016 00:00:00";"12.02.2016 00:00:00";"";"OK";"30000,0000";"RUB";"30000,0000";"RUB";"Пополнение вклада";"";"Пополнение вклада. Счет АО ""ТИНЬКОФФ БАНК""";"0"
"12.02.2016 00:00:00";"13.02.2016 00:00:00";"*4272";"OK";"-54,0000";"RUB";"-54,0000";"RUB";"Дом, ремонт";"5712";"MIR POSUDY_4";"0"
"11.02.2016 09:04:02";"11.02.2016 00:00:00";"*9673";"OK";"5000,0000";"RUB";"5000,0000";"RUB";"Финан. услуги";"6012";"Пополнение. Карта другого банка.";"0"
"11.02.2016 09:03:37";"";"*4697";"OK";"-5000,0000";"RUB";"-5000,0000";"RUB";"Переводы";"";"Перевод c карты другого банка";"0"
"11.02.2016 00:00:00";"13.02.2016 00:00:00";"*4272";"OK";"-398,0000";"RUB";"-398,0000";"RUB";"Одежда, обувь";"5691";"M-N 2 TTS MEGA SF OSTIN";"19"
"11.02.2016 00:00:00";"12.02.2016 00:00:00";"*4272";"OK";"-1228,5900";"RUB";"-1228,5900";"RUB";"Супермаркеты";"5411";"Ашан";"12"
"10.02.2016 00:00:00";"12.02.2016 00:00:00";"*4272";"OK";"-21,8900";"RUB";"-21,8900";"RUB";"Супермаркеты";"5921";"Красное и Белое";"0"
"09.02.2016 00:00:00";"10.02.2016 00:00:00";"*4272";"OK";"-290,0000";"RUB";"-290,0000";"RUB";"Супермаркеты";"5411";"OKEY";"2"
"08.02.2016 00:00:00";"09.02.2016 00:00:00";"*9673";"OK";"-1448,0000";"RUB";"-1448,0000";"RUB";"Разные товары";"5311";"Tezenis";"14"
"08.02.2016 00:00:00";"09.02.2016 00:00:00";"*9673";"OK";"-149,0000";"RUB";"-149,0000";"RUB";"Дом, ремонт";"5712";"ИКЕА";"1"
"08.02.2016 00:00:00";"09.02.2016 00:00:00";"*9673";"OK";"-299,0000";"RUB";"-299,0000";"RUB";"Одежда, обувь";"5651";"DEFACTO OZON G. RSY2";"14"
"07.02.2016 00:00:00";"09.02.2016 00:00:00";"*9673";"OK";"-585,0000";"RUB";"-585,0000";"RUB";"Супермаркеты";"5411";"LENTA";"5"
"07.02.2016 00:00:00";"08.02.2016 00:00:00";"*9673";"OK";"-319,5000";"RUB";"-319,5000";"RUB";"Супермаркеты";"5411";"OKEY";"3"
"06.02.2016 00:00:00";"08.02.2016 00:00:00";"*4272";"OK";"-118,7800";"RUB";"-118,7800";"RUB";"Супермаркеты";"5921";"Красное и Белое";"1"
"06.02.2016 00:00:00";"07.02.2016 00:00:00";"*4272";"OK";"-1180,0000";"RUB";"-1180,0000";"RUB";"Одежда, обувь";"5611";"VseMayki.ru";"59"
"05.02.2016 00:00:00";"07.02.2016 00:00:00";"*9673";"OK";"-419,0000";"RUB";"-419,0000";"RUB";"Фастфуд";"5814";"Burger King";"4"
"04.02.2016 00:00:00";"05.02.2016 00:00:00";"*4272";"OK";"-60,0000";"RUB";"-60,0000";"RUB";"Супермаркеты";"5411";"Магнит";"0"
"03.02.2016 00:00:00";"05.02.2016 00:00:00";"*4272";"OK";"-120,0000";"RUB";"-120,0000";"RUB";"Супермаркеты";"5411";"Магнит";"1"
"02.02.2016 00:00:00";"03.02.2016 00:00:00";"*9673";"OK";"-811,3400";"RUB";"-811,3400";"RUB";"Связь, телеком";"4816";"PayPal";"0"
"01.02.2016 00:00:00";"02.02.2016 00:00:00";"*4272";"OK";"-25,0000";"RUB";"-25,0000";"RUB";"Супермаркеты";"5411";"Магнит";"0"
"01.02.2016 00:00:00";"02.02.2016 00:00:00";"*4272";"OK";"-110,0000";"RUB";"-110,0000";"RUB";"Связь, телеком";"4814";"Beeline";"0"
"01.02.2016 00:00:00";"02.02.2016 00:00:00";"*4272";"OK";"-590,0000";"RUB";"-590,0000";"RUB";"Жкх/иб";"4900";"VSE PLATEZHI";"0"
"01.02.2016 00:00:00";"02.02.2016 00:00:00";"*9673";"OK";"-10,9100";"USD";"-866,8000";"RUB";"Разные товары";"5734";"DIGITALOCEAN.COM";"8"
"31.01.2016 00:00:00";"03.02.2016 00:00:00";"*4272";"OK";"-807,7200";"RUB";"-807,7200";"RUB";"Топливо";"5541";"AZS 49 GPN";"8"
"31.01.2016 00:00:00";"02.02.2016 00:00:00";"*4272";"OK";"-467,0000";"RUB";"-467,0000";"RUB";"Супермаркеты";"5411";"OKEY";"4"
"30.01.2016 00:00:00";"31.01.2016 00:00:00";"*4272";"OK";"-108,0000";"RUB";"-108,0000";"RUB";"Супермаркеты";"5411";"Магнит";"1"
"30.01.2016 00:00:00";"31.01.2016 00:00:00";"*4272";"OK";"-1248,9300";"RUB";"-1248,9300";"RUB";"Жкх/иб";"4900";"VSE PLATEZHI";"0"
"29.01.2016 07:59:25";"29.01.2016 00:00:00";"*9673";"OK";"19500,0000";"RUB";"19500,0000";"RUB";"Финан. услуги";"6012";"Пополнение. Карта другого банка.";"0"
"29.01.2016 07:59:04";"";"*4697";"OK";"-19500,0000";"RUB";"-19500,0000";"RUB";"Переводы";"";"Перевод c карты другого банка";"0"
"29.01.2016 00:00:00";"29.01.2016 00:00:00";"";"OK";"-28,0000";"RUB";"-28,0000";"RUB";"Удержание налога";"";"Удержание налога на доходы физических лиц";"0"
"29.01.2016 00:00:00";"29.01.2016 00:00:00";"";"OK";"8180,4600";"RUB";"8180,4600";"RUB";"Проценты";"";"Капитализация";"0"
"29.01.2016 00:00:00";"31.01.2016 00:00:00";"*4272";"OK";"-23,0000";"RUB";"-23,0000";"RUB";"Супермаркеты";"5411";"Магнит";"0"
"29.01.2016 00:00:00";"31.01.2016 00:00:00";"*9673";"OK";"-170,0000";"RUB";"-170,0000";"RUB";"Кино";"7832";"KINOHOD6";"8"
"29.01.2016 00:00:00";"31.01.2016 00:00:00";"*4272";"OK";"-240,0000";"RUB";"-240,0000";"RUB";"Разные товары";"5331";"SUSHI MARKET";"2"
"29.01.2016 00:00:00";"31.01.2016 00:00:00";"*4272";"OK";"-84,0000";"RUB";"-84,0000";"RUB";"Разные товары";"5331";"SUSHI MARKET";"0"
"29.01.2016 00:00:00";"31.01.2016 00:00:00";"*4272";"OK";"-79,5400";"RUB";"-79,5400";"RUB";"Супермаркеты";"5921";"Красное и Белое";"0"
"29.01.2016 00:00:00";"31.01.2016 00:00:00";"*9673";"OK";"-354,0000";"RUB";"-354,0000";"RUB";"Фастфуд";"5814";"Burger King";"3"
"26.01.2016 00:00:00";"27.01.2016 00:00:00";"*9673";"OK";"-214,6700";"RUB";"-214,6700";"RUB";"Супермаркеты";"5411";"TRADE CENTER  OMSKIY  SU";"2"
"26.01.2016 00:00:00";"27.01.2016 00:00:00";"*9673";"OK";"-2990,0000";"RUB";"-2990,0000";"RUB";"Дом, ремонт";"5722";"Мвидео";"29"
"25.01.2016 07:11:19";"25.01.2016 00:00:00";"*9673";"OK";"5000,0000";"RUB";"5000,0000";"RUB";"Финан. услуги";"6012";"Пополнение. Карта другого банка.";"0"
"25.01.2016 07:10:52";"";"*4697";"OK";"-5000,0000";"RUB";"-5000,0000";"RUB";"Переводы";"";"Перевод c карты другого банка";"0"
"25.01.2016 00:00:00";"27.01.2016 00:00:00";"*4272";"OK";"-315,0000";"RUB";"-315,0000";"RUB";"Супермаркеты";"5411";"OKEY";"3"
"25.01.2016 00:00:00";"25.01.2016 00:00:00";"";"OK";"503,0000";"RUB";"503,0000";"RUB";"Другое";"";"Вознаграждение за операции покупок";"0"
"25.01.2016 00:00:00";"25.01.2016 00:00:00";"";"OK";"170,3000";"RUB";"170,3000";"RUB";"Другое";"";"Проценты на остаток по счету";"0"
"24.01.2016 00:00:00";"25.01.2016 00:00:00";"*9673";"OK";"-69,0000";"RUB";"-69,0000";"RUB";"Супермаркеты";"5411";"Магнит";"0"
"23.01.2016 00:00:00";"24.01.2016 00:00:00";"*9673";"OK";"-707,5000";"RUB";"-707,5000";"RUB";"Супермаркеты";"5411";"OKEY";"7"
"23.01.2016 00:00:00";"24.01.2016 00:00:00";"*4272";"OK";"-184,5000";"RUB";"-184,5000";"RUB";"Красота";"5977";"PARFYUM LIDER";"1"
"23.01.2016 00:00:00";"24.01.2016 00:00:00";"*9673";"OK";"-25,0000";"RUB";"-25,0000";"RUB";"Фастфуд";"5814";"PROVIANT";"0"
"23.01.2016 00:00:00";"24.01.2016 00:00:00";"*9673";"OK";"-36,0000";"RUB";"-36,0000";"RUB";"Фастфуд";"5814";"PROVIANT";"0"
"22.01.2016 22:45:48";"22.01.2016 00:00:00";"*9673";"OK";"-100,0000";"RUB";"-100,0000";"RUB";"Мобильные/иб";"";"Билайн - автоплатеж +79069186981";"0"
"21.01.2016 00:00:00";"22.01.2016 00:00:00";"*9673";"OK";"-26240,0000";"RUB";"-26240,0000";"RUB";"Авиабилеты";"4511";"WWW.S7.RU";"262"
"21.01.2016 00:00:00";"21.01.2016 00:00:00";"*9673";"OK";"-3000,0000";"RUB";"-3000,0000";"RUB";"Наличные";"6011";"Снятие наличных: Сбербанк, 250826";"0"
"19.01.2016 16:23:24";"19.01.2016 00:00:00";"*9673";"OK";"-50,0000";"RUB";"-50,0000";"RUB";"Мобильные/иб";"";"Мегафон - автоплатеж +79236863722";"0"
"18.01.2016 00:00:00";"20.01.2016 00:00:00";"*4272";"OK";"-208,0000";"RUB";"-208,0000";"RUB";"Супермаркеты";"5411";"OKEY";"2"
"18.01.2016 00:00:00";"19.01.2016 00:00:00";"*4272";"OK";"-69,0000";"RUB";"-69,0000";"RUB";"Аптеки";"5912";"IP SAVCHENKO E.V.";"0"
"17.01.2016 00:00:00";"18.01.2016 00:00:00";"*9673";"OK";"-25,0000";"RUB";"-25,0000";"RUB";"Супермаркеты";"5411";"Магнит";"0"
"16.01.2016 17:43:58";"16.01.2016 00:00:00";"*9673";"OK";"22000,0000";"RUB";"22000,0000";"RUB";"Финан. услуги";"6012";"Пополнение. Карта другого банка.";"0"
"16.01.2016 17:43:32";"";"*4697";"OK";"-22000,0000";"RUB";"-22000,0000";"RUB";"Переводы";"";"Перевод c карты другого банка";"0"
"16.01.2016 00:00:00";"21.01.2016 00:00:00";"*9673";"OK";"-817,9100";"RUB";"-817,9100";"RUB";"Топливо";"5541";"AZS 8 GPN";"8"
"16.01.2016 00:00:00";"18.01.2016 00:00:00";"*9673";"OK";"-1019,5000";"RUB";"-1019,5000";"RUB";"Супермаркеты";"5411";"OKEY";"10"
"15.01.2016 00:00:00";"17.01.2016 00:00:00";"*9673";"OK";"-205,0000";"RUB";"-205,0000";"RUB";"Фастфуд";"5814";"McDonald's";"2"
"14.01.2016 08:37:10";"14.01.2016 00:00:00";"*9673";"OK";"5500,0000";"RUB";"5500,0000";"RUB";"Финан. услуги";"6012";"Пополнение. Карта другого банка.";"0"
"14.01.2016 08:36:43";"";"*4697";"OK";"-5500,0000";"RUB";"-5500,0000";"RUB";"Переводы";"";"Перевод c карты другого банка";"0"
"14.01.2016 00:00:00";"16.01.2016 00:00:00";"*9673";"OK";"-560,0000";"RUB";"-560,0000";"RUB";"Сервис. услуги";"8999";"BIGLION";"0"
"12.01.2016 00:00:00";"14.01.2016 00:00:00";"*4272";"OK";"-309,0000";"RUB";"-309,0000";"RUB";"Супермаркеты";"5411";"LENTA";"3"
"12.01.2016 00:00:00";"14.01.2016 00:00:00";"*4272";"OK";"-4135,0000";"RUB";"-4135,0000";"RUB";"Топливо";"5541";"VZLYOT";"41"
"10.01.2016 00:00:00";"12.01.2016 00:00:00";"*9673";"OK";"-340,0000";"RUB";"-340,0000";"RUB";"Кино";"7832";"PRICELESS";"17"
"10.01.2016 00:00:00";"11.01.2016 00:00:00";"*4272";"OK";"-490,0000";"RUB";"-490,0000";"RUB";"Одежда, обувь";"5691";"MAGAZIN";"24"
"09.01.2016 00:00:00";"10.01.2016 00:00:00";"*4272";"OK";"-151,0000";"RUB";"-151,0000";"RUB";"Супермаркеты";"5411";"LENTA";"1"
"08.01.2016 00:00:00";"22.01.2016 00:00:00";"*4272";"OK";"-886,0700";"RUB";"-886,0700";"RUB";"Топливо";"5541";"AZS 8 GPN";"8"
"08.01.2016 00:00:00";"11.01.2016 00:00:00";"*4272";"OK";"-198,0000";"RUB";"-198,0000";"RUB";"Дом, ремонт";"5712";"ИКЕА";"1"
"08.01.2016 00:00:00";"11.01.2016 00:00:00";"*4272";"OK";"-599,0000";"RUB";"-599,0000";"RUB";"Одежда, обувь";"5651";"SINSAY RE TRAYD.1";"29"
"08.01.2016 00:00:00";"10.01.2016 00:00:00";"*4272";"OK";"-798,0000";"RUB";"-798,0000";"RUB";"Одежда, обувь";"5699";"Zolla";"39"
"08.01.2016 00:00:00";"09.01.2016 00:00:00";"*4272";"OK";"-114,5000";"RUB";"-114,5000";"RUB";"Супермаркеты";"5411";"OKEY";"1"
"08.01.2016 00:00:00";"09.01.2016 00:00:00";"*4272";"OK";"-278,8800";"RUB";"-278,8800";"RUB";"Жкх/иб";"4900";"VP";"0"
"08.01.2016 00:00:00";"08.01.2016 00:00:00";"*4272";"OK";"-657,6300";"RUB";"-657,6300";"RUB";"Супермаркеты";"5411";"Ашан";"6"
"07.01.2016 00:00:00";"08.01.2016 00:00:00";"*9673";"OK";"-133,0000";"RUB";"-133,0000";"RUB";"Фастфуд";"5814";"PAKHOMENKOVA KONT 2";"1"
"07.01.2016 00:00:00";"08.01.2016 00:00:00";"*4272";"OK";"-85,0000";"RUB";"-85,0000";"RUB";"Фастфуд";"5814";"KFC CAFE";"0"
"07.01.2016 00:00:00";"08.01.2016 00:00:00";"*4272";"OK";"-120,0900";"RUB";"-120,0900";"RUB";"Жкх/иб";"4900";"HOLODNAJA VODA";"0"
"07.01.2016 00:00:00";"08.01.2016 00:00:00";"*9673";"OK";"-21,0000";"RUB";"-21,0000";"RUB";"Супермаркеты";"5411";"Магнит";"0"
"07.01.2016 00:00:00";"07.01.2016 00:00:00";"*9673";"OK";"-166,4200";"RUB";"-166,4200";"RUB";"Разные товары";"5999";"Aliexpress.com";"1"
"04.01.2016 00:00:00";"06.01.2016 00:00:00";"*4272";"OK";"-106,0000";"RUB";"-106,0000";"RUB";"Супермаркеты";"5411";"Пятерочка";"1"
"04.01.2016 00:00:00";"06.01.2016 00:00:00";"*4272";"OK";"-47,0000";"RUB";"-47,0000";"RUB";"Супермаркеты";"5411";"Пятерочка";"0"
"04.01.2016 00:00:00";"05.01.2016 00:00:00";"*9673";"OK";"-170,0000";"RUB";"-170,0000";"RUB";"Авто услуги";"5533";"SERVIS MARKET FENIKS";"1"
"03.01.2016 15:42:13";"03.01.2016 00:00:00";"*9673";"OK";"-50,0000";"RUB";"-50,0000";"RUB";"Мобильные/иб";"";"Мегафон - автоплатеж +79236863722";"0"
"03.01.2016 00:00:00";"06.01.2016 00:00:00";"*4272";"OK";"-832,0000";"RUB";"-832,0000";"RUB";"Рестораны";"5812";"ZHAR PICCA";"8"
"01.01.2016 00:00:00";"02.01.2016 00:00:00";"*9673";"OK";"-600,0000";"RUB";"-600,0000";"RUB";"Жкх/иб";"4900";"VP";"0"
"31.12.2015 00:00:00";"03.01.2016 00:00:00";"*9673";"OK";"-99,9000";"RUB";"-99,9000";"RUB";"Супермаркеты";"5921";"Красное и Белое";"0"
"31.12.2015 00:00:00";"03.01.2016 00:00:00";"*9673";"OK";"-69,8000";"RUB";"-69,8000";"RUB";"Супермаркеты";"5411";"OOO FORMAT";"0"
"31.12.2015 00:00:00";"02.01.2016 00:00:00";"*9673";"OK";"-27,0000";"RUB";"-27,0000";"RUB";"Супермаркеты";"5411";"Магнит";"0"
"31.12.2015 00:00:00";"01.01.2016 00:00:00";"*9673";"OK";"-15,0000";"RUB";"-15,0000";"RUB";"Супермаркеты";"5411";"Магнит";"0"
"30.12.2015 00:00:00";"01.01.2016 00:00:00";"*4272";"OK";"-30,0000";"RUB";"-30,0000";"RUB";"Супермаркеты";"5411";"OKEY";"0"
"30.12.2015 00:00:00";"01.01.2016 00:00:00";"*4272";"OK";"-661,0000";"RUB";"-661,0000";"RUB";"Супермаркеты";"5411";"OKEY";"6"
"29.12.2015 00:00:00";"29.12.2015 00:00:00";"";"OK";"6948,8500";"RUB";"6948,8500";"RUB";"Проценты";"";"Капитализация";"0"
"29.12.2015 00:00:00";"30.12.2015 00:00:00";"*4272";"OK";"-40,0000";"RUB";"-40,0000";"RUB";"Супермаркеты";"5411";"Магнит";"0"
"28.12.2015 00:00:00";"28.12.2015 00:00:00";"";"OK";"1000,0000";"RUB";"1000,0000";"RUB";"Компенсация";"";"Компенсация за пополнение вклада через РКЦ";"0"
"28.12.2015 00:00:00";"29.12.2015 00:00:00";"*9673";"OK";"-912,8200";"RUB";"-912,8200";"RUB";"Топливо";"5541";"AZS NO49";"9"
"28.12.2015 00:00:00";"29.12.2015 00:00:00";"*4272";"OK";"-876,0000";"RUB";"-876,0000";"RUB";"Транспорт";"4789";"INTERNET- MAGAZIN";"8"
"26.12.2015 00:00:00";"28.12.2015 00:00:00";"*9673";"OK";"-672,0000";"RUB";"-672,0000";"RUB";"Супермаркеты";"5411";"OKEY";"6"
"25.12.2015 00:00:00";"25.12.2015 00:00:00";"";"OK";"100000,0000";"RUB";"100000,0000";"RUB";"Пополнение вклада";"";"Пополнение вклада. Банковский перевод в рублях";"0"
"25.12.2015 00:00:00";"25.12.2015 00:00:00";"";"OK";"212,0000";"RUB";"212,0000";"RUB";"Другое";"";"Вознаграждение за операции покупок";"0"
"25.12.2015 00:00:00";"25.12.2015 00:00:00";"";"OK";"400,2900";"RUB";"400,2900";"RUB";"Другое";"";"Проценты на остаток по счету";"0"
"25.12.2015 00:00:00";"25.12.2015 00:00:00";"*9673";"OK";"-10000,0000";"RUB";"-10000,0000";"RUB";"Наличные";"6011";"Снятие наличных: Альфа-Банк, 401375";"0"
"25.12.2015 00:00:00";"25.12.2015 00:00:00";"*9673";"OK";"-10000,0000";"RUB";"-10000,0000";"RUB";"Наличные";"6011";"Снятие наличных: Альфа-Банк, 401375";"0"
"24.12.2015 00:00:00";"25.12.2015 00:00:00";"*4272";"OK";"-1501,7100";"RUB";"-1501,7100";"RUB";"Супермаркеты";"5411";"Ашан";"15"
"23.12.2015 00:00:00";"24.12.2015 00:00:00";"*4272";"OK";"-1575,4700";"RUB";"-1575,4700";"RUB";"Жкх/иб";"4900";"VP";"0"
"22.12.2015 00:00:00";"24.12.2015 00:00:00";"*4272";"OK";"-133,8800";"RUB";"-133,8800";"RUB";"Супермаркеты";"5921";"Красное и Белое";"1"
"20.12.2015 09:33:24";"20.12.2015 00:00:00";"*9673";"OK";"-50,0000";"RUB";"-50,0000";"RUB";"Мобильные/иб";"";"Мегафон - автоплатеж +79236863722";"0"
"20.12.2015 00:00:00";"21.12.2015 00:00:00";"*4272";"OK";"-88,9900";"RUB";"-88,9900";"RUB";"Супермаркеты";"5921";"Красное и Белое";"0"
"20.12.2015 00:00:00";"21.12.2015 00:00:00";"*4272";"OK";"-858,0000";"RUB";"-858,0000";"RUB";"Одежда, обувь";"5691";"OOO TRIAL SPORT 2000";"8"
"20.12.2015 00:00:00";"21.12.2015 00:00:00";"*4272";"OK";"-72,0000";"RUB";"-72,0000";"RUB";"Супермаркеты";"5411";"Магнит";"0"
"20.12.2015 00:00:00";"21.12.2015 00:00:00";"*4272";"OK";"-376,5600";"RUB";"-376,5600";"RUB";"Супермаркеты";"5411";"METRO Cash&Carry";"3"
"20.12.2015 00:00:00";"21.12.2015 00:00:00";"*4272";"OK";"-2040,0000";"RUB";"-2040,0000";"RUB";"Транспорт";"4789";"INTERNET- MAGAZIN";"20"
"18.12.2015 00:00:00";"20.12.2015 00:00:00";"*4272";"OK";"-398,0000";"RUB";"-398,0000";"RUB";"Супермаркеты";"5411";"OKEY";"3"
"17.12.2015 00:00:00";"19.12.2015 00:00:00";"*4272";"OK";"-199,0000";"RUB";"-199,0000";"RUB";"Супермаркеты";"5411";"OKEY";"1"
"17.12.2015 00:00:00";"19.12.2015 00:00:00";"*4272";"OK";"-479,5000";"RUB";"-479,5000";"RUB";"Супермаркеты";"5411";"OKEY";"4"
"17.12.2015 00:00:00";"19.12.2015 00:00:00";"*4272";"OK";"-862,8200";"RUB";"-862,8200";"RUB";"Топливо";"5541";"Газпромнефть";"8"
"17.12.2015 00:00:00";"18.12.2015 00:00:00";"*9673";"OK";"-235,0000";"RUB";"-235,0000";"RUB";"Фастфуд";"5814";"REM";"2"
"16.12.2015 00:00:00";"17.12.2015 00:00:00";"*9673";"OK";"-3300,0000";"RUB";"-3300,0000";"RUB";"Авто услуги";"5533";"IP MOSKVIN A.V.";"33"
"15.12.2015 13:02:26";"15.12.2015 00:00:00";"*9673";"OK";"6000,0000";"RUB";"6000,0000";"RUB";"Финан. услуги";"6012";"Пополнение. Карта другого банка.";"0"
"15.12.2015 13:01:59";"";"*4697";"OK";"-6000,0000";"RUB";"-6000,0000";"RUB";"Переводы";"";"Перевод c карты другого банка";"0"
"15.12.2015 11:07:19";"15.12.2015 00:00:00";"*9673";"OK";"-8640,0000";"RUB";"-8640,0000";"RUB";"Переводы/иб";"";"Баранов Андрей";"0"
"15.12.2015 00:00:00";"16.12.2015 00:00:00";"*4272";"OK";"-780,0000";"RUB";"-780,0000";"RUB";"Развлечения";"7922";"OMSK.KASSY";"7"
"15.12.2015 00:00:00";"16.12.2015 00:00:00";"*4272";"OK";"-42,0000";"RUB";"-42,0000";"RUB";"Супермаркеты";"5411";"Магнит";"0"
"13.12.2015 00:00:00";"15.12.2015 00:00:00";"*4272";"OK";"-83,0000";"RUB";"-83,0000";"RUB";"Аптеки";"5912";"OOO FARMAKOPEYKA-ZS";"4"
"13.12.2015 00:00:00";"14.12.2015 00:00:00";"*4272";"OK";"-314,5700";"RUB";"-314,5700";"RUB";"Жкх/иб";"4900";"VP";"0"
"12.12.2015 07:44:21";"12.12.2015 00:00:00";"*9673";"OK";"-100,0000";"RUB";"-100,0000";"RUB";"Мобильные/иб";"";"Билайн - автоплатеж +79069186981";"0"
"12.12.2015 00:00:00";"15.12.2015 00:00:00";"*4272";"OK";"-1188,9400";"RUB";"-1188,9400";"RUB";"Супермаркеты";"5411";"METRO Cash&Carry";"11"
"12.12.2015 00:00:00";"14.12.2015 00:00:00";"*4272";"OK";"-510,0000";"RUB";"-510,0000";"RUB";"Супермаркеты";"5411";"LENTA";"5"
"12.12.2015 00:00:00";"13.12.2015 00:00:00";"*4272";"OK";"-500,0000";"RUB";"-500,0000";"RUB";"Одежда, обувь";"5641";"Детский мир центр";"5"
"12.12.2015 00:00:00";"13.12.2015 00:00:00";"*4272";"OK";"-299,0000";"RUB";"-299,0000";"RUB";"Одежда, обувь";"5641";"Детский мир центр";"2"
"11.12.2015 00:00:00";"13.12.2015 00:00:00";"*9673";"OK";"-59,0000";"RUB";"-59,0000";"RUB";"Фастфуд";"5814";"PAKHOMENKOVA TEATR";"0"
"11.12.2015 00:00:00";"13.12.2015 00:00:00";"*4272";"OK";"-410,0000";"RUB";"-410,0000";"RUB";"Одежда, обувь";"5641";"AKVARIUM";"4"
"11.12.2015 00:00:00";"13.12.2015 00:00:00";"*9673";"OK";"-300,0000";"RUB";"-300,0000";"RUB";"Кино";"7832";"PRICELESS";"15"
"09.12.2015 00:00:00";"11.12.2015 00:00:00";"*4272";"OK";"-88,0000";"RUB";"-88,0000";"RUB";"Супермаркеты";"5411";"Магнит";"0"
"08.12.2015 00:00:00";"11.12.2015 00:00:00";"*9673";"OK";"-430,0000";"RUB";"-430,0000";"RUB";"Книги";"5942";"LABIRINT.RU";"4"
"07.12.2015 00:00:00";"08.12.2015 00:00:00";"*4272";"OK";"-38,0000";"RUB";"-38,0000";"RUB";"Супермаркеты";"5411";"Магнит";"0"
"06.12.2015 00:00:00";"08.12.2015 00:00:00";"*4272";"OK";"-99,0000";"RUB";"-99,0000";"RUB";"Фастфуд";"5814";"KFC CAFE";"0"
"06.12.2015 00:00:00";"07.12.2015 00:00:00";"*4272";"OK";"-819,2000";"RUB";"-819,2000";"RUB";"Топливо";"5541";"Газпромнефть";"8"
"06.12.2015 00:00:00";"07.12.2015 00:00:00";"*4272";"OK";"-351,5000";"RUB";"-351,5000";"RUB";"Супермаркеты";"5411";"OKEY";"3"
"06.12.2015 00:00:00";"07.12.2015 00:00:00";"*4272";"OK";"-461,5900";"RUB";"-461,5900";"RUB";"Супермаркеты";"5411";"METRO Cash&Carry";"4"
"05.12.2015 10:53:35";"05.12.2015 00:00:00";"*9673";"OK";"13000,0000";"RUB";"13000,0000";"RUB";"Финан. услуги";"6012";"Пополнение. Карта другого банка.";"0"
"05.12.2015 10:53:09";"";"*4697";"OK";"-13000,0000";"RUB";"-13000,0000";"RUB";"Переводы";"";"Перевод c карты другого банка";"0"
"05.12.2015 00:00:00";"07.12.2015 00:00:00";"*4272";"OK";"-140,0000";"RUB";"-140,0000";"RUB";"Супермаркеты";"5411";"FRUKTY  SHOP";"1"
"05.12.2015 00:00:00";"07.12.2015 00:00:00";"*4272";"OK";"-519,7700";"RUB";"-519,7700";"RUB";"Супермаркеты";"5921";"Красное и Белое";"5"
"04.12.2015 18:22:32";"04.12.2015 00:00:00";"*9673";"OK";"-50,0000";"RUB";"-50,0000";"RUB";"Мобильные/иб";"";"Мегафон - автоплатеж +79236863722";"0"
"04.12.2015 00:00:00";"06.12.2015 00:00:00";"*9673";"OK";"-142,0000";"RUB";"-142,0000";"RUB";"Фастфуд";"5814";"PAKHOMENKOVA VODNIK2";"1"
"03.12.2015 00:00:00";"04.12.2015 00:00:00";"*4272";"OK";"-2028,4600";"RUB";"-2028,4600";"RUB";"Супермаркеты";"5411";"Ашан";"20"
"03.12.2015 00:00:00";"03.12.2015 00:00:00";"*9673";"OK";"400,0000";"RUB";"400,0000";"RUB";"Финан. услуги";"6012";"Пополнение с банковской карты VISA MONEY TRANSFER Visa Direct RU";"0"
"02.12.2015 07:44:06";"02.12.2015 00:00:00";"*9673";"OK";"-650,0000";"RUB";"-650,0000";"RUB";"Финан. услуги";"6012";"На карту другого банка";"0"
"02.12.2015 00:00:00";"02.12.2015 00:00:00";"*9673";"OK";"-30,0000";"RUB";"-30,0000";"RUB";"Другое";"";"Комиссия за перевод по реквизитам карты";"0"
"01.12.2015 00:00:00";"02.12.2015 00:00:00";"*9673";"OK";"-595,0000";"RUB";"-595,0000";"RUB";"Жкх/иб";"4900";"VP";"0"
"01.12.2015 00:00:00";"02.12.2015 00:00:00";"*4272";"OK";"-187,4200";"RUB";"-187,4200";"RUB";"Жкх/иб";"4900";"HOLODNAJA VODA";"0"
"30.11.2015 00:00:00";"02.12.2015 00:00:00";"*9673";"OK";"-695,0000";"RUB";"-695,0000";"RUB";"Одежда, обувь";"5611";"VseMayki.ru";"6"
"29.11.2015 00:00:00";"29.11.2015 00:00:00";"";"OK";"6951,3600";"RUB";"6951,3600";"RUB";"Проценты";"";"Капитализация";"0"
"29.11.2015 00:00:00";"30.11.2015 00:00:00";"*4272";"OK";"-15,0000";"RUB";"-15,0000";"RUB";"Супермаркеты";"5411";"Магнит";"0"
"29.11.2015 00:00:00";"30.11.2015 00:00:00";"*4272";"OK";"-95,0000";"RUB";"-95,0000";"RUB";"Супермаркеты";"5411";"FRUKTY  SHOP";"0"
"28.11.2015 00:00:00";"30.11.2015 00:00:00";"*4272";"OK";"-331,9300";"RUB";"-331,9300";"RUB";"Супермаркеты";"5499";"MYASNAYA LAVKA";"3"
"28.11.2015 00:00:00";"30.11.2015 00:00:00";"*9673";"OK";"-670,0000";"RUB";"-670,0000";"RUB";"Супермаркеты";"5411";"OKEY";"6"
"27.11.2015 00:00:00";"28.11.2015 00:00:00";"*4272";"OK";"-1164,8700";"RUB";"-1164,8700";"RUB";"Жкх/иб";"4900";"VP";"0"
"26.11.2015 00:00:00";"28.11.2015 00:00:00";"*4272";"OK";"-44,8900";"RUB";"-44,8900";"RUB";"Супермаркеты";"5921";"Красное и Белое";"0"
"26.11.2015 00:00:00";"27.11.2015 00:00:00";"*4272";"OK";"-59,0000";"RUB";"-59,0000";"RUB";"Супермаркеты";"5411";"FRUKTY  SHOP";"0"
"26.11.2015 00:00:00";"27.11.2015 00:00:00";"*4272";"OK";"-58,0000";"RUB";"-58,0000";"RUB";"Супермаркеты";"5411";"Магнит";"0"
"25.11.2015 00:00:00";"25.11.2015 00:00:00";"";"OK";"141,0000";"RUB";"141,0000";"RUB";"Другое";"";"Вознаграждение за операции покупок";"0"
"25.11.2015 00:00:00";"25.11.2015 00:00:00";"";"OK";"259,4900";"RUB";"259,4900";"RUB";"Другое";"";"Проценты на остаток по счету";"0"
"24.11.2015 08:46:52";"24.11.2015 00:00:00";"*9673";"OK";"-50,0000";"RUB";"-50,0000";"RUB";"Мобильные/иб";"";"Мегафон - автоплатеж +79236863722";"0"
"23.11.2015 12:23:12";"23.11.2015 00:00:00";"*9673";"OK";"5000,0000";"RUB";"5000,0000";"RUB";"Финан. услуги";"6012";"Пополнение. Карта другого банка.";"0"
"23.11.2015 12:22:44";"";"*4697";"OK";"-5000,0000";"RUB";"-5000,0000";"RUB";"Переводы";"";"Перевод c карты другого банка";"0"
"22.11.2015 00:00:00";"24.11.2015 00:00:00";"*4272";"OK";"-412,5000";"RUB";"-412,5000";"RUB";"Супермаркеты";"5411";"OKEY";"4"
"20.11.2015 00:00:00";"24.11.2015 00:00:00";"*9673";"OK";"-6649,5000";"RUB";"-6649,5000";"RUB";"Финан. услуги";"6051";"QiWi";"0"
"19.11.2015 08:37:22";"19.11.2015 00:00:00";"*9673";"OK";"26000,0000";"RUB";"26000,0000";"RUB";"Финан. услуги";"6012";"Пополнение. Карта другого банка.";"0"
"19.11.2015 08:35:59";"";"*4697";"OK";"-26000,0000";"RUB";"-26000,0000";"RUB";"Переводы";"";"Перевод c карты другого банка";"0"
"19.11.2015 07:08:44";"19.11.2015 00:00:00";"*9673";"OK";"-100,0000";"RUB";"-100,0000";"RUB";"Мобильные/иб";"";"Билайн - автоплатеж +79069186981";"0"
"18.11.2015 00:00:00";"21.11.2015 00:00:00";"*4272";"OK";"-720,0000";"RUB";"-720,0000";"RUB";"Супермаркеты";"5411";"OKEY";"7"
"18.11.2015 00:00:00";"20.11.2015 00:00:00";"*4272";"OK";"-843,5900";"RUB";"-843,5900";"RUB";"Топливо";"5541";"Газпромнефть";"8"
"16.11.2015 12:55:20";"16.11.2015 00:00:00";"*9673";"OK";"5000,0000";"RUB";"5000,0000";"RUB";"Финан. услуги";"6012";"Пополнение. Карта другого банка.";"0"
"16.11.2015 12:54:58";"";"*4697";"OK";"-5000,0000";"RUB";"-5000,0000";"RUB";"Переводы";"";"Перевод c карты другого банка";"0"
"15.11.2015 11:18:11";"15.11.2015 00:00:00";"*9673";"OK";"-652,1500";"RUB";"-652,1500";"RUB";"Разные товары";"5999";"Aliexpress.com";"6"
"14.11.2015 00:00:00";"15.11.2015 00:00:00";"*9673";"OK";"-249,0000";"RUB";"-249,0000";"RUB";"Фастфуд";"5814";"Burger King";"2"
"14.11.2015 00:00:00";"15.11.2015 00:00:00";"*9673";"OK";"-107,0000";"RUB";"-107,0000";"RUB";"Разные товары";"5943";"STEPLER";"1"
"12.11.2015 00:00:00";"13.11.2015 00:00:00";"*4272";"OK";"-15,0000";"RUB";"-15,0000";"RUB";"Супермаркеты";"5411";"Магнит";"0"
"11.11.2015 00:00:00";"13.11.2015 00:00:00";"*4272";"OK";"-262,2800";"RUB";"-262,2800";"RUB";"Жкх/иб";"4900";"VP";"0"
"10.11.2015 07:47:24";"10.11.2015 00:00:00";"*9673";"OK";"-50,0000";"RUB";"-50,0000";"RUB";"Мобильные/иб";"";"Мегафон - автоплатеж +79236863722";"0"
"10.11.2015 00:00:00";"13.11.2015 00:00:00";"*9673";"OK";"-298,0000";"RUB";"-298,0000";"RUB";"Рестораны";"5812";"YAPONSKIY DOMIK.";"2"
"10.11.2015 00:00:00";"12.11.2015 00:00:00";"*9673";"OK";"-400,0000";"RUB";"-400,0000";"RUB";"Кино";"7832";"SLAVA MOVIES";"20"
"09.11.2015 12:08:43";"09.11.2015 00:00:00";"*9673";"OK";"19000,0000";"RUB";"19000,0000";"RUB";"Финан. услуги";"6012";"Пополнение. Карта другого банка.";"0"
"09.11.2015 12:08:16";"";"*4697";"OK";"-19000,0000";"RUB";"-19000,0000";"RUB";"Переводы";"";"Перевод c карты другого банка";"0"
"08.11.2015 00:00:00";"11.11.2015 00:00:00";"*4272";"OK";"-558,5000";"RUB";"-558,5000";"RUB";"Супермаркеты";"5411";"OKEY";"5"
"08.11.2015 00:00:00";"11.11.2015 00:00:00";"*9673";"OK";"-44,0000";"RUB";"-44,0000";"RUB";"Фастфуд";"5814";"PAKHOMENKOVA POLITEKH";"0"
"07.11.2015 00:00:00";"11.11.2015 00:00:00";"*4272";"OK";"-500,0000";"RUB";"-500,0000";"RUB";"Супермаркеты";"5411";"LENTA";"5"
"07.11.2015 00:00:00";"08.11.2015 00:00:00";"*9673";"OK";"-1471,7000";"RUB";"-1471,7000";"RUB";"Ж/д билеты";"4112";"WWW.RZD.RU";"14"
"06.11.2015 05:21:37";"06.11.2015 00:00:00";"*9673";"OK";"-50,0000";"RUB";"-50,0000";"RUB";"Мобильные/иб";"";"Мегафон - автоплатеж +79236863722";"0"
"05.11.2015 15:37:32";"05.11.2015 00:00:00";"*9673";"OK";"-50,0000";"RUB";"-50,0000";"RUB";"Мобильные/иб";"";"Мегафон - автоплатеж +79236863722";"0"
"05.11.2015 00:00:00";"08.11.2015 00:00:00";"*9673";"OK";"-311,0000";"RUB";"-311,0000";"RUB";"Фастфуд";"5814";"BIG YORKER";"3"
"05.11.2015 00:00:00";"08.11.2015 00:00:00";"*9673";"OK";"-70,3300";"RUB";"-70,3300";"RUB";"Супермаркеты";"5411";"BIGSI";"0"
"05.11.2015 00:00:00";"07.11.2015 00:00:00";"*9673";"OK";"-920,1000";"RUB";"-920,1000";"RUB";"Ж/д билеты";"4112";"JSC RZD";"9"
"05.11.2015 00:00:00";"07.11.2015 00:00:00";"*9673";"OK";"-1051,1000";"RUB";"-1051,1000";"RUB";"Ж/д билеты";"4112";"JSC RZD";"10"
"05.11.2015 00:00:00";"07.11.2015 00:00:00";"*9673";"OK";"-1123,4000";"RUB";"-1123,4000";"RUB";"Ж/д билеты";"4112";"JSC RZD";"11"
"05.11.2015 00:00:00";"07.11.2015 00:00:00";"*4272";"OK";"-48,0000";"RUB";"-48,0000";"RUB";"Супермаркеты";"5411";"Магнит";"0"
"04.11.2015 13:45:48";"04.11.2015 00:00:00";"*9673";"OK";"-50,0000";"RUB";"-50,0000";"RUB";"Мобильные/иб";"";"Мегафон - автоплатеж +79236863722";"0"
"04.11.2015 00:00:00";"06.11.2015 00:00:00";"*4272";"OK";"-10,0000";"RUB";"-10,0000";"RUB";"Жкх/иб";"4900";"VP";"0"
"04.11.2015 00:00:00";"06.11.2015 00:00:00";"*4272";"OK";"-951,3600";"RUB";"-951,3600";"RUB";"Жкх/иб";"4900";"VP";"0"
"04.11.2015 00:00:00";"06.11.2015 00:00:00";"*4272";"OK";"-190,7900";"RUB";"-190,7900";"RUB";"Жкх/иб";"4900";"HOLODNAJA VODA";"0"
"03.11.2015 00:00:00";"04.11.2015 00:00:00";"*4272";"OK";"-25,0000";"RUB";"-25,0000";"RUB";"Супермаркеты";"5411";"Магнит";"0"
"02.11.2015 00:00:00";"03.11.2015 00:00:00";"*4272";"OK";"-396,4400";"RUB";"-396,4400";"RUB";"Топливо";"5541";"Газпромнефть";"3"
"01.11.2015 00:00:00";"03.11.2015 00:00:00";"*4272";"OK";"-598,0000";"RUB";"-598,0000";"RUB";"Одежда, обувь";"5691";"M-N 2 TTS MEGA SF OSTIN";"5"
"01.11.2015 00:00:00";"01.11.2015 00:00:00";"*4272";"OK";"-663,8800";"RUB";"-663,8800";"RUB";"Супермаркеты";"5411";"Ашан";"6"
"31.10.2015 00:00:00";"02.11.2015 00:00:00";"*4272";"OK";"-400,5000";"RUB";"-400,5000";"RUB";"Супермаркеты";"5411";"OKEY";"4"
"31.10.2015 00:00:00";"01.11.2015 00:00:00";"*4272";"OK";"-415,0000";"RUB";"-415,0000";"RUB";"Жкх/иб";"4900";"VP";"0"
"31.10.2015 00:00:00";"01.11.2015 00:00:00";"*4272";"OK";"-296,0000";"RUB";"-296,0000";"RUB";"Супермаркеты";"5411";"Магнит";"2"
"29.10.2015 10:03:51";"29.10.2015 00:00:00";"*9673";"OK";"-50,0000";"RUB";"-50,0000";"RUB";"Мобильные/иб";"";"Мегафон - автоплатеж +79236863722";"0"
"29.10.2015 00:00:00";"29.10.2015 00:00:00";"";"OK";"6651,6000";"RUB";"6651,6000";"RUB";"Проценты";"";"Капитализация";"0"
"29.10.2015 00:00:00";"30.10.2015 00:00:00";"*4272";"OK";"-180,0000";"RUB";"-180,0000";"RUB";"Жкх/иб";"4900";"VP";"0"
"27.10.2015 06:39:03";"27.10.2015 00:00:00";"*9673";"OK";"-100,0000";"RUB";"-100,0000";"RUB";"Мобильные/иб";"";"Билайн - автоплатеж +79069186981";"0"
"25.10.2015 00:00:00";"27.10.2015 00:00:00";"*4272";"OK";"-887,5000";"RUB";"-887,5000";"RUB";"Супермаркеты";"5411";"OKEY";"8"
"25.10.2015 00:00:00";"27.10.2015 00:00:00";"*9673";"OK";"-68,0000";"RUB";"-68,0000";"RUB";"Супермаркеты";"5411";"Магнит";"0"
"25.10.2015 00:00:00";"26.10.2015 00:00:00";"*4272";"OK";"-130,6800";"RUB";"-130,6800";"RUB";"Супермаркеты";"5921";"Красное и Белое";"1"
"25.10.2015 00:00:00";"25.10.2015 00:00:00";"";"OK";"243,0000";"RUB";"243,0000";"RUB";"Другое";"";"Вознаграждение за операции покупок";"0"
"25.10.2015 00:00:00";"25.10.2015 00:00:00";"";"OK";"136,8000";"RUB";"136,8000";"RUB";"Другое";"";"Проценты на остаток по счету";"0"
"24.10.2015 00:00:00";"26.10.2015 00:00:00";"*4272";"OK";"-599,0000";"RUB";"-599,0000";"RUB";"Дом, ремонт";"5722";"IP GOLOVINA A V";"5"
"22.10.2015 00:00:00";"23.10.2015 00:00:00";"*9673";"OK";"-3116,3000";"RUB";"-3116,3000";"RUB";"Ж/д билеты";"4112";"WWW.RZD.RU";"31"
"22.10.2015 00:00:00";"23.10.2015 00:00:00";"*4272";"OK";"-41,0000";"RUB";"-41,0000";"RUB";"Супермаркеты";"5411";"FRUKTY  SHOP";"0"
"21.10.2015 13:33:57";"21.10.2015 00:00:00";"*9673";"OK";"6000,0000";"RUB";"6000,0000";"RUB";"Финан. услуги";"6012";"Пополнение. Карта другого банка.";"0"
"21.10.2015 13:33:34";"";"*4697";"OK";"-6000,0000";"RUB";"-6000,0000";"RUB";"Переводы";"";"Перевод c карты другого банка";"0"
"21.10.2015 00:00:00";"22.10.2015 00:00:00";"*4272";"OK";"-2650,0000";"RUB";"-2650,0000";"RUB";"Мед. услуги";"8021";"DENTIS  CLINIC";"26"
"17.10.2015 00:00:00";"21.10.2015 00:00:00";"*4272";"OK";"-118,5000";"RUB";"-118,5000";"RUB";"Супермаркеты";"5411";"OKEY";"1"
"17.10.2015 00:00:00";"18.10.2015 00:00:00";"*4272";"OK";"-839,4100";"RUB";"-839,4100";"RUB";"Топливо";"5541";"AZS NO49";"8"
"16.10.2015 00:00:00";"19.10.2015 00:00:00";"*4272";"OK";"-24,0000";"RUB";"-24,0000";"RUB";"Супермаркеты";"5411";"Магнит";"0"
"15.10.2015 09:48:03";"15.10.2015 00:00:00";"*9673";"OK";"-50,0000";"RUB";"-50,0000";"RUB";"Мобильные/иб";"";"Мегафон - автоплатеж +79236863722";"0"
"13.10.2015 00:00:00";"14.10.2015 00:00:00";"*4272";"OK";"-96,6000";"RUB";"-96,6000";"RUB";"Супермаркеты";"5411";"NEFTEZAVODSKAJA 27 IPP";"0"
"11.10.2015 00:00:00";"13.10.2015 00:00:00";"*4272";"OK";"-773,5000";"RUB";"-773,5000";"RUB";"Супермаркеты";"5411";"OKEY";"7"
"11.10.2015 00:00:00";"13.10.2015 00:00:00";"*9673";"OK";"-70,0000";"RUB";"-70,0000";"RUB";"Фастфуд";"5814";"KINO KAFE";"0"
"11.10.2015 00:00:00";"12.10.2015 00:00:00";"*4272";"OK";"-1249,0000";"RUB";"-1249,0000";"RUB";"Спорттовары";"5941";"Спортмастер";"12"
"11.10.2015 00:00:00";"12.10.2015 00:00:00";"*9673";"OK";"-63,0000";"RUB";"-63,0000";"RUB";"Разные товары";"5331";"IP YAKOVLEV V.A.";"0"
"10.10.2015 20:28:00";"10.10.2015 00:00:00";"*9673";"OK";"30000,0000";"RUB";"30000,0000";"RUB";"Финан. услуги";"6012";"Пополнение. Карта другого банка.";"0"
"10.10.2015 20:27:38";"";"*4697";"OK";"-30000,0000";"RUB";"-30000,0000";"RUB";"Переводы";"";"Перевод c карты другого банка";"0"
"10.10.2015 00:00:00";"13.10.2015 00:00:00";"*9673";"OK";"-2990,0000";"RUB";"-2990,0000";"RUB";"Одежда, обувь";"5651";"COLIN'S";"29"
"10.10.2015 00:00:00";"13.10.2015 00:00:00";"*9673";"OK";"-418,0000";"RUB";"-418,0000";"RUB";"Дом, ремонт";"5712";"ИКЕА";"4"
"10.10.2015 00:00:00";"12.10.2015 00:00:00";"*4272";"OK";"-204,8800";"RUB";"-204,8800";"RUB";"Жкх/иб";"4900";"HOLODNAJA VODA";"0"
"10.10.2015 00:00:00";"11.10.2015 00:00:00";"*4272";"OK";"-398,6000";"RUB";"-398,6000";"RUB";"Жкх/иб";"4900";"VP.RU";"0"
"08.10.2015 00:00:00";"10.10.2015 00:00:00";"*4272";"OK";"-139,0000";"RUB";"-139,0000";"RUB";"Аптеки";"5912";"OOO FARMAKOPEYKA-ZS";"6"
"07.10.2015 16:11:29";"07.10.2015 00:00:00";"*9673";"OK";"-100,0000";"RUB";"-100,0000";"RUB";"Мобильные/иб";"";"Билайн - автоплатеж +79069186981";"0"
"07.10.2015 00:00:00";"08.10.2015 00:00:00";"*9673";"OK";"-1200,0000";"RUB";"-1200,0000";"RUB";"Развлечения";"7922";"OMSK.KASSY";"12"
"06.10.2015 09:27:16";"06.10.2015 00:00:00";"*9673";"OK";"-3000,0000";"RUB";"-3000,0000";"RUB";"Финан. услуги";"6012";"На карту другого банка";"0"
"06.10.2015 00:00:00";"08.10.2015 00:00:00";"*4272";"OK";"-945,5000";"RUB";"-945,5000";"RUB";"Супермаркеты";"5411";"OKEY";"9"
"06.10.2015 00:00:00";"07.10.2015 00:00:00";"*4272";"OK";"-836,3900";"RUB";"-836,3900";"RUB";"Жкх/иб";"4900";"VP";"0"
"06.10.2015 00:00:00";"06.10.2015 00:00:00";"*9673";"OK";"-45,0000";"RUB";"-45,0000";"RUB";"Другое";"";"Комиссия за перевод по реквизитам карты";"0"
"04.10.2015 08:44:28";"04.10.2015 00:00:00";"*9673";"OK";"14500,0000";"RUB";"14500,0000";"RUB";"Финан. услуги";"6012";"Пополнение. Карта другого банка.";"0"
"04.10.2015 08:44:05";"";"*4697";"OK";"-14500,0000";"RUB";"-14500,0000";"RUB";"Переводы";"";"Перевод c карты другого банка";"0"
"04.10.2015 00:00:00";"06.10.2015 00:00:00";"*4272";"OK";"-879,8600";"RUB";"-879,8600";"RUB";"Топливо";"5541";"Газпромнефть";"8"
"04.10.2015 00:00:00";"05.10.2015 00:00:00";"*4272";"OK";"-200,5000";"RUB";"-200,5000";"RUB";"Супермаркеты";"5411";"FRUKTY  SHOP";"2"
"03.10.2015 08:48:13";"03.10.2015 00:00:00";"*9673";"OK";"-50,0000";"RUB";"-50,0000";"RUB";"Мобильные/иб";"";"Мегафон - автоплатеж +79236863722";"0"
"03.10.2015 00:00:00";"05.10.2015 00:00:00";"*9673";"OK";"-482,0000";"RUB";"-482,0000";"RUB";"Супермаркеты";"5411";"LENTA";"4"
"02.10.2015 00:00:00";"04.10.2015 00:00:00";"*4272";"OK";"-696,6500";"RUB";"-696,6500";"RUB";"Супермаркеты";"5411";"SUPERMARKET TTS OMSKIY";"6"
"02.10.2015 00:00:00";"03.10.2015 00:00:00";"*9673";"OK";"-3200,0000";"RUB";"-3200,0000";"RUB";"Развлечения";"7922";"OMSK.KASSY";"32"
"01.10.2015 00:00:00";"03.10.2015 00:00:00";"*9673";"OK";"-294,0000";"RUB";"-294,0000";"RUB";"Фастфуд";"5814";"McDonald's";"2"
"01.10.2015 00:00:00";"03.10.2015 00:00:00";"*9673";"OK";"-104,0000";"RUB";"-104,0000";"RUB";"Фастфуд";"5814";"McDonald's";"1"
"01.10.2015 00:00:00";"02.10.2015 00:00:00";"*9673";"OK";"-593,8900";"RUB";"-593,8900";"RUB";"Жкх/иб";"4900";"VP";"0"
"01.10.2015 00:00:00";"02.10.2015 00:00:00";"*9673";"OK";"-158,4000";"RUB";"-158,4000";"RUB";"Супермаркеты";"5411";"TRADE CENTER  OMSKIY  SU";"1"
"30.09.2015 13:08:31";"30.09.2015 00:00:00";"*9673";"OK";"-1500,0000";"RUB";"-1500,0000";"RUB";"Финан. услуги";"6012";"На карту другого банка";"0"
"30.09.2015 00:00:00";"30.09.2015 00:00:00";"*9673";"OK";"-30,0000";"RUB";"-30,0000";"RUB";"Другое";"";"Комиссия за перевод по реквизитам карты";"0"
"29.09.2015 00:00:00";"29.09.2015 00:00:00";"";"OK";"6403,5700";"RUB";"6403,5700";"RUB";"Проценты";"";"Капитализация";"0"
"29.09.2015 00:00:00";"30.09.2015 00:00:00";"*4272";"OK";"-110,0000";"RUB";"-110,0000";"RUB";"Супермаркеты";"5411";"Магнит";"1"
"27.09.2015 00:00:00";"28.09.2015 00:00:00";"*9673";"OK";"-235,0000";"RUB";"-235,0000";"RUB";"Фастфуд";"5814";"REM";"2"
"27.09.2015 00:00:00";"27.09.2015 00:00:00";"*4272";"OK";"-131,1200";"RUB";"-131,1200";"RUB";"Супермаркеты";"5411";"Ашан";"1"
"26.09.2015 00:00:00";"29.09.2015 00:00:00";"*9673";"OK";"-249,0000";"RUB";"-249,0000";"RUB";"Одежда, обувь";"5661";"210206 KARI";"2"
"26.09.2015 00:00:00";"29.09.2015 00:00:00";"*9673";"OK";"-771,6900";"RUB";"-771,6900";"RUB";"Топливо";"5541";"AZS NO49";"7"
"26.09.2015 00:00:00";"27.09.2015 00:00:00";"*9673";"OK";"-255,0000";"RUB";"-255,0000";"RUB";"Авто услуги";"7538";"FENIX-AVTO";"2"
"25.09.2015 00:00:00";"28.09.2015 00:00:00";"*4272";"OK";"-300,0000";"RUB";"-300,0000";"RUB";"Разные товары";"5732";"Медиа Маркт";"3"
"25.09.2015 00:00:00";"27.09.2015 00:00:00";"*4272";"OK";"-599,0000";"RUB";"-599,0000";"RUB";"Одежда, обувь";"5691";"M-N 2 TTS MEGA SF OSTIN";"5"
"25.09.2015 00:00:00";"27.09.2015 00:00:00";"*4272";"OK";"-399,0000";"RUB";"-399,0000";"RUB";"Одежда, обувь";"5699";"Zolla";"3"
"25.09.2015 00:00:00";"26.09.2015 00:00:00";"*4272";"OK";"-954,7900";"RUB";"-954,7900";"RUB";"Супермаркеты";"5411";"Ашан";"9"
"25.09.2015 00:00:00";"25.09.2015 00:00:00";"";"OK";"92,0000";"RUB";"92,0000";"RUB";"Другое";"";"Вознаграждение за операции покупок";"0"
"25.09.2015 00:00:00";"25.09.2015 00:00:00";"";"OK";"375,4500";"RUB";"375,4500";"RUB";"Другое";"";"Проценты на остаток по счету";"0"
"24.09.2015 00:00:00";"26.09.2015 00:00:00";"*4272";"OK";"-764,0000";"RUB";"-764,0000";"RUB";"Супермаркеты";"5411";"OKEY";"7"
"22.09.2015 00:00:00";"24.09.2015 00:00:00";"*9673";"OK";"-300,0000";"RUB";"-300,0000";"RUB";"Фото/видео";"7395";"STUDIA52.RU";"3"
"22.09.2015 00:00:00";"23.09.2015 00:00:00";"*4272";"OK";"-24,5000";"RUB";"-24,5000";"RUB";"Супермаркеты";"5411";"Магнит";"0"
"21.09.2015 00:00:00";"23.09.2015 00:00:00";"*9673";"OK";"-599,0000";"RUB";"-599,0000";"RUB";"Разные товары";"5331";"SUSHI MARKET";"5"
"21.09.2015 00:00:00";"23.09.2015 00:00:00";"*9673";"OK";"-90,0000";"RUB";"-90,0000";"RUB";"Рестораны";"5812";"SKURATOV COFFEE";"0"
"20.09.2015 00:00:00";"22.09.2015 00:00:00";"*9673";"OK";"-645,0000";"RUB";"-645,0000";"RUB";"Разные товары";"5310";"BIGLION";"6"
"20.09.2015 00:00:00";"21.09.2015 00:00:00";"*4272";"OK";"-144,8200";"RUB";"-144,8200";"RUB";"Супермаркеты";"5411";"Магнит";"1"
"19.09.2015 07:25:54";"19.09.2015 00:00:00";"*9673";"OK";"-100,0000";"RUB";"-100,0000";"RUB";"Мобильные/иб";"";"Билайн - автоплатеж +79069186981";"0"
"17.09.2015 09:29:19";"17.09.2015 00:00:00";"*9673";"OK";"-50,0000";"RUB";"-50,0000";"RUB";"Мобильные/иб";"";"Мегафон - автоплатеж +79236863722";"0"
"17.09.2015 00:00:00";"19.09.2015 00:00:00";"*9673";"OK";"-607,1800";"RUB";"-607,1800";"RUB";"Супермаркеты";"5499";"MYASNAYA LAVKA";"6.07"
"17.09.2015 00:00:00";"19.09.2015 00:00:00";"*9673";"OK";"-846,4800";"RUB";"-846,4800";"RUB";"Топливо";"5541";"Газпромнефть";"8.46"
"16.09.2015 00:00:00";"16.09.2015 00:00:00";"";"OK";"350,0000";"RUB";"350,0000";"RUB";"Компенсация";"";"Компенсация за пополнение вклада через РКЦ";"0"
"16.09.2015 00:00:00";"18.09.2015 00:00:00";"*4272";"OK";"-236,5000";"RUB";"-236,5000";"RUB";"Супермаркеты";"5411";"OKEY";"2.36"
"15.09.2015 00:00:00";"15.09.2015 00:00:00";"";"OK";"35000,0000";"RUB";"35000,0000";"RUB";"Пополнение вклада";"";"Пополнение вклада. Банковский перевод в рублях";"0"
"13.09.2015 00:00:00";"15.09.2015 00:00:00";"*4272";"OK";"-66,7000";"RUB";"-66,7000";"RUB";"Супермаркеты";"5411";"Магнит";"0.66"
"12.09.2015 00:00:00";"13.09.2015 00:00:00";"*4272";"OK";"-315,6000";"RUB";"-315,6000";"RUB";"Жкх/иб";"4900";"VP";"0"
"11.09.2015 00:00:00";"13.09.2015 00:00:00";"*4272";"OK";"-1139,0000";"RUB";"-1139,0000";"RUB";"Супермаркеты";"5411";"OKEY";"11.39"
"10.09.2015 00:00:00";"11.09.2015 00:00:00";"*9673";"OK";"-160,0000";"RUB";"-160,0000";"RUB";"Рестораны";"5812";"SKURATOV COFFEE";"1.60"
"10.09.2015 00:00:00";"11.09.2015 00:00:00";"*9673";"OK";"-3000,0000";"RUB";"-3000,0000";"RUB";"Наличные";"6011";"Снятие наличных: Русский Стандарт, 71001153";"0"
"09.09.2015 00:00:00";"10.09.2015 00:00:00";"*9673";"OK";"-339,0000";"RUB";"-339,0000";"RUB";"Фастфуд";"5814";"PERTSY  RESTAURANT";"3.39"
"08.09.2015 00:00:00";"10.09.2015 00:00:00";"*9673";"OK";"-808,0000";"RUB";"-808,0000";"RUB";"Супермаркеты";"5411";"LENTA";"8.08"
"06.09.2015 00:00:00";"07.09.2015 00:00:00";"*4272";"OK";"-42,5000";"RUB";"-42,5000";"RUB";"Супермаркеты";"5411";"Магнит";"0.42"
"06.09.2015 00:00:00";"07.09.2015 00:00:00";"*4272";"OK";"-128,4900";"RUB";"-128,4900";"RUB";"Супермаркеты";"5921";"KRASNOE & BELOE";"1.28"
"05.09.2015 00:00:00";"08.09.2015 00:00:00";"*9673";"OK";"-69,0100";"RUB";"-69,0100";"RUB";"Жкх/иб";"4900";"HOLODNAJA VODA";"0"
"04.09.2015 00:00:00";"04.09.2015 00:00:00";"";"OK";"1000,0000";"RUB";"1000,0000";"RUB";"Компенсация";"";"Компенсация за пополнение вклада через РКЦ";"0"
"04.09.2015 00:00:00";"08.09.2015 00:00:00";"*4272";"OK";"-842,6300";"RUB";"-842,6300";"RUB";"Топливо";"5541";"AZS 31";"8.42"
"04.09.2015 00:00:00";"08.09.2015 00:00:00";"*9673";"OK";"-999,0000";"RUB";"-999,0000";"RUB";"Развлечения";"7993";"Blizzard";"9.99"
"03.09.2015 08:51:33";"03.09.2015 00:00:00";"*9673";"OK";"-2000,0000";"RUB";"-2000,0000";"RUB";"Переводы/иб";"";"В бюджетные организации";"0"
"03.09.2015 00:00:00";"03.09.2015 00:00:00";"";"OK";"100000,0000";"RUB";"100000,0000";"RUB";"Пополнение вклада";"";"Пополнение вклада. Банковский перевод в рублях";"0"
"03.09.2015 00:00:00";"06.09.2015 00:00:00";"*4272";"OK";"-420,0000";"RUB";"-420,0000";"RUB";"Красота";"5977";"PARIKMAKHERSKIY MAGAZIN";"4.20"
"02.09.2015 00:00:00";"03.09.2015 00:00:00";"*9673";"OK";"-370,0000";"RUB";"-370,0000";"RUB";"Фастфуд";"5814";"REM";"3.70"
"02.09.2015 00:00:00";"03.09.2015 00:00:00";"*9673";"OK";"-20000,0000";"RUB";"-20000,0000";"RUB";"Наличные";"6011";"Снятие наличных: Газпромбанк, 403130";"0"
"02.09.2015 00:00:00";"03.09.2015 00:00:00";"*9673";"OK";"-40000,0000";"RUB";"-40000,0000";"RUB";"Наличные";"6011";"Снятие наличных: Газпромбанк, 403130";"0"
"02.09.2015 00:00:00";"03.09.2015 00:00:00";"*9673";"OK";"-40000,0000";"RUB";"-40000,0000";"RUB";"Наличные";"6011";"Снятие наличных: Газпромбанк, 403130";"0"
"01.09.2015 00:00:00";"02.09.2015 00:00:00";"*4272";"OK";"-1048,4000";"RUB";"-1048,4000";"RUB";"Жкх/иб";"4900";"VP";"0"
"01.09.2015 00:00:00";"02.09.2015 00:00:00";"*4272";"OK";"-380,0000";"RUB";"-380,0000";"RUB";"Жкх/иб";"4900";"VP";"0"
"31.08.2015 00:00:00";"02.09.2015 00:00:00";"*9673";"OK";"-424,5000";"RUB";"-424,5000";"RUB";"Супермаркеты";"5411";"OKEY";"4.24"
"30.08.2015 05:49:29";"30.08.2015 00:00:00";"*9673";"OK";"-100,0000";"RUB";"-100,0000";"RUB";"Мобильные/иб";"";"Билайн - автоплатеж +79069186981";"0"
"30.08.2015 00:00:00";"31.08.2015 00:00:00";"*4272";"OK";"-86,0000";"RUB";"-86,0000";"RUB";"Аптеки";"5912";"OOO APTEKI MEDIKEYA";"0.86"
"29.08.2015 00:00:00";"29.08.2015 00:00:00";"";"OK";"2791,0100";"RUB";"2791,0100";"RUB";"Проценты";"";"Капитализация";"0"
"28.08.2015 12:43:13";"28.08.2015 00:00:00";"*9673";"OK";"-50,0000";"RUB";"-50,0000";"RUB";"Мобильные/иб";"";"Мегафон - автоплатеж +79236863722";"0"
"28.08.2015 00:00:00";"28.08.2015 00:00:00";"";"OK";"1000,0000";"RUB";"1000,0000";"RUB";"Компенсация";"";"Компенсация за пополнение вклада через РКЦ";"0"
"28.08.2015 00:00:00";"30.08.2015 00:00:00";"*4272";"OK";"-323,0000";"RUB";"-323,0000";"RUB";"Супермаркеты";"5411";"OKEY";"3.23"
"27.08.2015 00:00:00";"27.08.2015 00:00:00";"";"OK";"100000,0000";"RUB";"100000,0000";"RUB";"Пополнение вклада";"";"Пополнение вклада. Банковский перевод в рублях";"0"
"26.08.2015 00:00:00";"26.08.2015 00:00:00";"";"OK";"1000,0000";"RUB";"1000,0000";"RUB";"Компенсация";"";"Компенсация за пополнение вклада через РКЦ";"0"
"26.08.2015 00:00:00";"28.08.2015 00:00:00";"*4272";"OK";"-207,5000";"RUB";"-207,5000";"RUB";"Красота";"5977";"PARFYUM LIDER";"2.07"
"26.08.2015 00:00:00";"27.08.2015 00:00:00";"*9673";"OK";"-20000,0000";"RUB";"-20000,0000";"RUB";"Наличные";"6011";"Снятие наличных: Газпромбанк, 403130";"0"
"26.08.2015 00:00:00";"27.08.2015 00:00:00";"*9673";"OK";"-40000,0000";"RUB";"-40000,0000";"RUB";"Наличные";"6011";"Снятие наличных: Газпромбанк, 403130";"0"
"25.08.2015 00:00:00";"25.08.2015 00:00:00";"";"OK";"100000,0000";"RUB";"100000,0000";"RUB";"Пополнение вклада";"";"Пополнение вклада. Банковский перевод в рублях";"0"
"25.08.2015 00:00:00";"26.08.2015 00:00:00";"*9673";"OK";"-10000,0000";"RUB";"-10000,0000";"RUB";"Наличные";"6011";"Снятие наличных: Альфа-Банк, 400952";"0"
"25.08.2015 00:00:00";"26.08.2015 00:00:00";"*9673";"OK";"-10000,0000";"RUB";"-10000,0000";"RUB";"Наличные";"6011";"Снятие наличных: Альфа-Банк, 400952";"0"
"25.08.2015 00:00:00";"26.08.2015 00:00:00";"*9673";"OK";"-10000,0000";"RUB";"-10000,0000";"RUB";"Наличные";"6011";"Снятие наличных: Альфа-Банк, 400952";"0"
"25.08.2015 00:00:00";"26.08.2015 00:00:00";"*9673";"OK";"-10000,0000";"RUB";"-10000,0000";"RUB";"Наличные";"6011";"Снятие наличных: Альфа-Банк, 400952";"0"
"25.08.2015 00:00:00";"26.08.2015 00:00:00";"*9673";"OK";"-10000,0000";"RUB";"-10000,0000";"RUB";"Наличные";"6011";"Снятие наличных: Альфа-Банк, 400952";"0"
"25.08.2015 00:00:00";"26.08.2015 00:00:00";"*9673";"OK";"-10000,0000";"RUB";"-10000,0000";"RUB";"Наличные";"6011";"Снятие наличных: Альфа-Банк, 400952";"0"
"25.08.2015 00:00:00";"25.08.2015 00:00:00";"";"OK";"238,3800";"RUB";"238,3800";"RUB";"Другое";"";"Вознаграждение за операции покупок";"0"
"25.08.2015 00:00:00";"25.08.2015 00:00:00";"";"OK";"1377,1100";"RUB";"1377,1100";"RUB";"Другое";"";"Проценты на остаток по счету";"0"
"24.08.2015 00:00:00";"25.08.2015 00:00:00";"*4272";"OK";"-729,2400";"RUB";"-729,2400";"RUB";"Жкх/иб";"4900";"VP";"0"
"23.08.2015 00:00:00";"24.08.2015 00:00:00";"*4272";"OK";"-635,0000";"RUB";"-635,0000";"RUB";"Супермаркеты";"5411";"LENTA";"6.35"
"23.08.2015 00:00:00";"24.08.2015 00:00:00";"*4272";"OK";"-883,5000";"RUB";"-883,5000";"RUB";"Супермаркеты";"5411";"OKEY";"8.83"
"22.08.2015 10:31:02";"22.08.2015 00:00:00";"*9673";"OK";"-50,0000";"RUB";"-50,0000";"RUB";"Мобильные/иб";"";"Мегафон - автоплатеж +79236863722";"0"
"22.08.2015 00:00:00";"24.08.2015 00:00:00";"*4272";"OK";"-440,0000";"RUB";"-440,0000";"RUB";"Супермаркеты";"5499";"SUVENIRY";"4.40"
"18.08.2015 18:13:45";"18.08.2015 00:00:00";"*9673";"OK";"-100,0000";"RUB";"-100,0000";"RUB";"Мобильные/иб";"";"Билайн - автоплатеж +79069186981";"0"
"10.08.2015 00:00:00";"10.08.2015 00:00:00";"";"OK";"1000,0000";"RUB";"1000,0000";"RUB";"Компенсация";"";"Компенсация за пополнение вклада через РКЦ";"0"
"10.08.2015 00:00:00";"11.08.2015 00:00:00";"*4272";"OK";"-202,7000";"RUB";"-202,7000";"RUB";"Супермаркеты";"5411";"Магнит";"2.02"
"09.08.2015 00:00:00";"11.08.2015 00:00:00";"*4272";"OK";"-740,0000";"RUB";"-740,0000";"RUB";"Кино";"7832";"ISKRA-BILETNAYA KASSA";"37.00"
"09.08.2015 00:00:00";"11.08.2015 00:00:00";"*4272";"OK";"-286,0000";"RUB";"-286,0000";"RUB";"Фастфуд";"5814";"McDonald's";"2.86"
"07.08.2015 00:00:00";"07.08.2015 00:00:00";"";"OK";"100000,0000";"RUB";"100000,0000";"RUB";"Пополнение вклада";"";"Пополнение вклада. Банковский перевод в рублях";"0"
"07.08.2015 00:00:00";"09.08.2015 00:00:00";"*4272";"OK";"-23,0000";"RUB";"-23,0000";"RUB";"Аптеки";"5912";"OOO APTEKI MEDIKEYA";"0.23"
"07.08.2015 00:00:00";"09.08.2015 00:00:00";"*9673";"OK";"-565,0000";"RUB";"-565,0000";"RUB";"Супермаркеты";"5411";"OKEY";"5.65"
"07.08.2015 00:00:00";"09.08.2015 00:00:00";"*9673";"OK";"-10000,0000";"RUB";"-10000,0000";"RUB";"Наличные";"6011";"Снятие наличных: Альфа-Банк, 400587";"0"
"07.08.2015 00:00:00";"09.08.2015 00:00:00";"*9673";"OK";"-10000,0000";"RUB";"-10000,0000";"RUB";"Наличные";"6011";"Снятие наличных: Альфа-Банк, 350809";"0"
"07.08.2015 00:00:00";"09.08.2015 00:00:00";"*9673";"OK";"-10000,0000";"RUB";"-10000,0000";"RUB";"Наличные";"6011";"Снятие наличных: Альфа-Банк, 400587";"0"
"07.08.2015 00:00:00";"09.08.2015 00:00:00";"*9673";"OK";"-10000,0000";"RUB";"-10000,0000";"RUB";"Наличные";"6011";"Снятие наличных: Альфа-Банк, 350809";"0"
"07.08.2015 00:00:00";"09.08.2015 00:00:00";"*9673";"OK";"-10000,0000";"RUB";"-10000,0000";"RUB";"Наличные";"6011";"Снятие наличных: Альфа-Банк, 400587";"0"
"07.08.2015 00:00:00";"09.08.2015 00:00:00";"*9673";"OK";"-10000,0000";"RUB";"-10000,0000";"RUB";"Наличные";"6011";"Снятие наличных: Альфа-Банк, 400587";"0"
"07.08.2015 00:00:00";"09.08.2015 00:00:00";"*9673";"OK";"-10000,0000";"RUB";"-10000,0000";"RUB";"Наличные";"6011";"Снятие наличных: Альфа-Банк, 400587";"0"
"07.08.2015 00:00:00";"09.08.2015 00:00:00";"*9673";"OK";"-10000,0000";"RUB";"-10000,0000";"RUB";"Наличные";"6011";"Снятие наличных: Альфа-Банк, 400587";"0"
"07.08.2015 00:00:00";"09.08.2015 00:00:00";"*9673";"OK";"-10000,0000";"RUB";"-10000,0000";"RUB";"Наличные";"6011";"Снятие наличных: Альфа-Банк, 400587";"0"
"07.08.2015 00:00:00";"09.08.2015 00:00:00";"*9673";"OK";"-10000,0000";"RUB";"-10000,0000";"RUB";"Наличные";"6011";"Снятие наличных: Альфа-Банк, 400587";"0"
"06.08.2015 00:00:00";"06.08.2015 00:00:00";"";"OK";"500,0000";"RUB";"500,0000";"RUB";"Компенсация";"";"Компенсация за пополнение вклада через РКЦ";"0"
"06.08.2015 00:00:00";"09.08.2015 00:00:00";"*4272";"OK";"-55,5000";"RUB";"-55,5000";"RUB";"Супермаркеты";"5921";"KRASNOE I BELOE";"0.55"
"06.08.2015 00:00:00";"09.08.2015 00:00:00";"*4272";"OK";"-156,5600";"RUB";"-156,5600";"RUB";"Жкх/иб";"4900";"HOLODNAJA VODA";"0"
"06.08.2015 00:00:00";"07.08.2015 00:00:00";"*9673";"OK";"-10000,0000";"RUB";"-10000,0000";"RUB";"Наличные";"6011";"Снятие наличных: Альфа-Банк, 400952";"0"
"06.08.2015 00:00:00";"07.08.2015 00:00:00";"*4272";"OK";"-598,0000";"RUB";"-598,0000";"RUB";"Спорттовары";"5941";"Спортмастер";"5.98"
"06.08.2015 00:00:00";"07.08.2015 00:00:00";"*4272";"OK";"-218,9000";"RUB";"-218,9000";"RUB";"Супермаркеты";"5411";"Ашан";"2.18"
"06.08.2015 00:00:00";"07.08.2015 00:00:00";"*9673";"OK";"-10000,0000";"RUB";"-10000,0000";"RUB";"Наличные";"6011";"Снятие наличных: Альфа-Банк, 400952";"0"
"06.08.2015 00:00:00";"07.08.2015 00:00:00";"*9673";"OK";"-10000,0000";"RUB";"-10000,0000";"RUB";"Наличные";"6011";"Снятие наличных: Альфа-Банк, 400952";"0"
"05.08.2015 00:00:00";"05.08.2015 00:00:00";"";"OK";"50000,0000";"RUB";"50000,0000";"RUB";"Пополнение вклада";"";"Пополнение вклада. Банковский перевод в рублях";"0"
"05.08.2015 00:00:00";"06.08.2015 00:00:00";"*9673";"OK";"-10000,0000";"RUB";"-10000,0000";"RUB";"Наличные";"6011";"Снятие наличных: Альфа-Банк, 502625";"0"
"05.08.2015 00:00:00";"06.08.2015 00:00:00";"*4272";"OK";"-56,0000";"RUB";"-56,0000";"RUB";"Супермаркеты";"5411";"TRIUMF  MARKET";"0.56"
"05.08.2015 00:00:00";"06.08.2015 00:00:00";"*9673";"OK";"-4549,4000";"RUB";"-4549,4000";"RUB";"Ж/д билеты";"4112";"WWW.RZD.RU";"45.49"
"05.08.2015 00:00:00";"06.08.2015 00:00:00";"*9673";"OK";"-10000,0000";"RUB";"-10000,0000";"RUB";"Наличные";"6011";"Снятие наличных: Альфа-Банк, 502625";"0"
"05.08.2015 00:00:00";"06.08.2015 00:00:00";"*9673";"OK";"-10000,0000";"RUB";"-10000,0000";"RUB";"Наличные";"6011";"Снятие наличных: Альфа-Банк, 502625";"0"
"05.08.2015 00:00:00";"06.08.2015 00:00:00";"*9673";"OK";"-10000,0000";"RUB";"-10000,0000";"RUB";"Наличные";"6011";"Снятие наличных: Альфа-Банк, 502625";"0"
"04.08.2015 10:56:04";"04.08.2015 00:00:00";"*9673";"OK";"408333,8100";"RUB";"408333,8100";"RUB";"Другое";"";"Изъятие вклада при закрытии. Закрытие вклада Тинькофф Банк";"0"
"04.08.2015 00:00:00";"04.08.2015 00:00:00";"";"OK";"1,1200";"RUB";"1,1200";"RUB";"Проценты";"";"Капитализация";"0"
"04.08.2015 00:00:00";"04.08.2015 00:00:00";"";"OK";"-408333,8100";"RUB";"-408333,8100";"RUB";"Вклад";"";"Перевод на счет (СКС) в связи с досрочным расторжением вклада";"0"
"04.08.2015 00:00:00";"06.08.2015 00:00:00";"*4272";"OK";"-144,5000";"RUB";"-144,5000";"RUB";"Супермаркеты";"5411";"OKEY";"1.44"
"04.08.2015 00:00:00";"06.08.2015 00:00:00";"*4272";"OK";"-782,5000";"RUB";"-782,5000";"RUB";"Топливо";"5541";"AZS NO54";"7.82"
"04.08.2015 00:00:00";"06.08.2015 00:00:00";"*4272";"OK";"-166,5000";"RUB";"-166,5000";"RUB";"Супермаркеты";"5411";"TRIUMF  MARKET";"1.66"
"04.08.2015 00:00:00";"06.08.2015 00:00:00";"*4272";"OK";"-669,0000";"RUB";"-669,0000";"RUB";"Спорттовары";"5941";"Спортмастер";"6.69"
"04.08.2015 00:00:00";"06.08.2015 00:00:00";"*4272";"OK";"-114,0000";"RUB";"-114,0000";"RUB";"Супермаркеты";"5411";"Магнит";"1.14"
"03.08.2015 13:59:23";"03.08.2015 00:00:00";"*9673";"OK";"5000,0000";"RUB";"5000,0000";"RUB";"Финан. услуги";"6012";"Пополнение. Карта другого банка.";"0"
"03.08.2015 13:58:53";"";"*4697";"OK";"-5000,0000";"RUB";"-5000,0000";"RUB";"Переводы";"";"Перевод c карты другого банка";"0"
"03.08.2015 00:00:00";"03.08.2015 00:00:00";"";"OK";"6148,4600";"RUB";"6148,4600";"RUB";"Проценты";"";"Капитализация";"0"
"03.08.2015 00:00:00";"06.08.2015 00:00:00";"*9673";"OK";"-860,0000";"RUB";"-860,0000";"RUB";"Разные товары";"5310";"BIGLION";"8.60"
"02.08.2015 04:23:12";"02.08.2015 00:00:00";"*9673";"OK";"-100,0000";"RUB";"-100,0000";"RUB";"Мобильные/иб";"";"Билайн - автоплатеж +79069186981";"0"
"02.08.2015 00:00:00";"04.08.2015 00:00:00";"*9673";"OK";"-133,0000";"RUB";"-133,0000";"RUB";"Фастфуд";"5814";"KFC CAFE";"1.33"
"02.08.2015 00:00:00";"03.08.2015 00:00:00";"*4272";"OK";"-328,7000";"RUB";"-328,7000";"RUB";"Супермаркеты";"5411";"Магнит";"3.28"
"01.08.2015 00:00:00";"02.08.2015 00:00:00";"*9673";"OK";"-600,0000";"RUB";"-600,0000";"RUB";"Жкх/иб";"4900";"VP";"0"
"01.08.2015 00:00:00";"02.08.2015 00:00:00";"*4272";"OK";"-99,0000";"RUB";"-99,0000";"RUB";"Одежда, обувь";"5691";"TERRANOVA";"0.99"
"01.08.2015 00:00:00";"02.08.2015 00:00:00";"*4272";"OK";"-59,9000";"RUB";"-59,9000";"RUB";"Супермаркеты";"5411";"Магнит";"0.59"
"01.08.2015 00:00:00";"01.08.2015 00:00:00";"*9673";"OK";"-1041,4300";"RUB";"-1041,4300";"RUB";"Супермаркеты";"5411";"Ашан";"10.41"
"31.07.2015 20:07:48";"31.07.2015 00:00:00";"*9673";"OK";"-50,0000";"RUB";"-50,0000";"RUB";"Мобильные/иб";"";"Мегафон - автоплатеж +79236863722";"0"
"30.07.2015 11:00:30";"30.07.2015 00:00:00";"*9673";"OK";"5000,0000";"RUB";"5000,0000";"RUB";"Финан. услуги";"6012";"Пополнение. Карта другого банка.";"0"
"30.07.2015 10:59:38";"";"*4697";"OK";"-5000,0000";"RUB";"-5000,0000";"RUB";"Переводы";"";"Перевод c карты другого банка";"0"
"29.07.2015 00:00:00";"29.07.2015 00:00:00";"";"OK";"1292,3300";"RUB";"1292,3300";"RUB";"Проценты";"";"Капитализация";"0"
"29.07.2015 00:00:00";"31.07.2015 00:00:00";"*4272";"OK";"-897,7600";"RUB";"-897,7600";"RUB";"Топливо";"5541";"AZS NO31";"8.97"
"29.07.2015 00:00:00";"30.07.2015 00:00:00";"*9673";"OK";"-28000,0000";"RUB";"-28000,0000";"RUB";"Наличные";"6011";"Снятие наличных: Газпромбанк, 403176";"0"
"28.07.2015 00:00:00";"29.07.2015 00:00:00";"*9673";"OK";"-4549,4000";"RUB";"-4549,4000";"RUB";"Ж/д билеты";"4112";"WWW.RZD.RU";"45.49"
"27.07.2015 19:38:19";"27.07.2015 00:00:00";"*9673";"OK";"31000,0000";"RUB";"31000,0000";"RUB";"Другое";"";"Возврат внешнего банковского перевода с 5007505943";"0"
"27.07.2015 11:15:59";"27.07.2015 00:00:00";"*9673";"OK";"-31000,0000";"RUB";"-31000,0000";"RUB";"Переводы/иб";"";"На счет в другом банке";"0"
"26.07.2015 00:00:00";"28.07.2015 00:00:00";"*9673";"OK";"-64,0000";"RUB";"-64,0000";"RUB";"Супермаркеты";"5411";"Магнит";"0.64"
"26.07.2015 00:00:00";"27.07.2015 00:00:00";"*4272";"OK";"-185,5000";"RUB";"-185,5000";"RUB";"Супермаркеты";"5411";"OKEY";"1.85"
"26.07.2015 00:00:00";"27.07.2015 00:00:00";"*9673";"OK";"-70,0000";"RUB";"-70,0000";"RUB";"Фастфуд";"5814";"PAKHOMENKOVA VODNIK2";"0.70"
"26.07.2015 00:00:00";"27.07.2015 00:00:00";"*9673";"OK";"-4500,0000";"RUB";"-4500,0000";"RUB";"Наличные";"6011";"Снятие наличных: Промсвязьбанк, 00416018";"0"
"25.07.2015 00:00:00";"27.07.2015 00:00:00";"*4272";"OK";"-155,5000";"RUB";"-155,5000";"RUB";"Супермаркеты";"5411";"OKEY";"1.55"
"25.07.2015 00:00:00";"27.07.2015 00:00:00";"*9673";"OK";"-160,0000";"RUB";"-160,0000";"RUB";"Фастфуд";"5814";"KFC CAFE";"1.60"
"25.07.2015 00:00:00";"27.07.2015 00:00:00";"*4272";"OK";"-527,0000";"RUB";"-527,0000";"RUB";"Супермаркеты";"5411";"LENTA";"5.27"
"25.07.2015 00:00:00";"26.07.2015 00:00:00";"*4272";"OK";"-227,0000";"RUB";"-227,0000";"RUB";"Супермаркеты";"5411";"Магнит";"2.27"
"25.07.2015 00:00:00";"25.07.2015 00:00:00";"";"OK";"326,7500";"RUB";"326,7500";"RUB";"Другое";"";"Вознаграждение за операции покупок";"0"
"25.07.2015 00:00:00";"25.07.2015 00:00:00";"";"OK";"188,0400";"RUB";"188,0400";"RUB";"Другое";"";"Проценты на остаток по счету";"0"
"24.07.2015 00:00:00";"26.07.2015 00:00:00";"*9673";"OK";"-390,0000";"RUB";"-390,0000";"RUB";"Одежда, обувь";"5691";"OOO TRIAL SPORT 2000";"3.90"
"24.07.2015 00:00:00";"25.07.2015 00:00:00";"*4272";"OK";"-1029,2100";"RUB";"-1029,2100";"RUB";"Жкх/иб";"4900";"VP";"0"
"23.07.2015 00:00:00";"25.07.2015 00:00:00";"*9673";"OK";"-56,0000";"RUB";"-56,0000";"RUB";"Фастфуд";"5814";"PAKHOMENKOVA RABIN";"0.56"
"22.07.2015 06:57:30";"22.07.2015 00:00:00";"*9673";"OK";"9600,0000";"RUB";"9600,0000";"RUB";"Финан. услуги";"6012";"Пополнение. Карта другого банка.";"0"
"22.07.2015 06:56:58";"";"*4697";"OK";"-9600,0000";"RUB";"-9600,0000";"RUB";"Переводы";"";"Перевод c карты другого банка";"0"
"22.07.2015 00:00:00";"24.07.2015 00:00:00";"*9673";"OK";"-41,2000";"RUB";"-41,2000";"RUB";"Супермаркеты";"5921";"KRASNOE & BELOE";"0.41"
"21.07.2015 00:00:00";"22.07.2015 00:00:00";"*4272";"OK";"-184,0000";"RUB";"-184,0000";"RUB";"Рестораны";"5812";"KUROCHKA RYADOM";"1.84"
"20.07.2015 00:00:00";"22.07.2015 00:00:00";"*4272";"OK";"-121,5000";"RUB";"-121,5000";"RUB";"Супермаркеты";"5411";"OKEY";"1.21"
"19.07.2015 00:00:00";"21.07.2015 00:00:00";"*9673";"OK";"-107,0000";"RUB";"-107,0000";"RUB";"Фастфуд";"5814";"PAKHOMENKOVA VODNIK2";"1.07"
"19.07.2015 00:00:00";"21.07.2015 00:00:00";"*4272";"OK";"-86,9000";"RUB";"-86,9000";"RUB";"Супермаркеты";"5921";"KRASNOE & BELOE";"0.86"
"18.07.2015 00:00:00";"20.07.2015 00:00:00";"*4272";"OK";"-497,7500";"RUB";"-497,7500";"RUB";"Супермаркеты";"5499";"MYASNAYA LAVKA";"4.97"
"18.07.2015 00:00:00";"20.07.2015 00:00:00";"*4272";"OK";"-283,8900";"RUB";"-283,8900";"RUB";"Супермаркеты";"5921";"KRASNOE & BELOE";"2.83"
"18.07.2015 00:00:00";"20.07.2015 00:00:00";"*4272";"OK";"-764,5000";"RUB";"-764,5000";"RUB";"Супермаркеты";"5411";"OKEY";"7.64"
"18.07.2015 00:00:00";"19.07.2015 00:00:00";"*4272";"OK";"-303,9400";"RUB";"-303,9400";"RUB";"Жкх/иб";"4900";"VP";"0"
"17.07.2015 00:00:00";"20.09.2015 00:00:00";"*9673";"OK";"291,4100";"RUB";"291,4100";"RUB";"Сервис. услуги";"5964";"Aliexpress.com";"0"
"17.07.2015 00:00:00";"19.07.2015 00:00:00";"*4272";"OK";"-445,5000";"RUB";"-445,5000";"RUB";"Супермаркеты";"5411";"OKEY";"4.45"
"17.07.2015 00:00:00";"18.07.2015 00:00:00";"*9673";"OK";"-2014,1800";"RUB";"-2014,1800";"RUB";"Сервис. услуги";"5964";"Aliexpress.com";"20.14"
"16.07.2015 07:08:41";"16.07.2015 00:00:00";"*9673";"OK";"23000,0000";"RUB";"23000,0000";"RUB";"Финан. услуги";"6012";"Пополнение. Карта другого банка.";"0"
"16.07.2015 07:08:10";"";"*4697";"OK";"-23000,0000";"RUB";"-23000,0000";"RUB";"Переводы";"";"Перевод c карты другого банка";"0"
"16.07.2015 05:38:44";"16.07.2015 00:00:00";"*9673";"OK";"-100,0000";"RUB";"-100,0000";"RUB";"Мобильные/иб";"";"Билайн - автоплатеж +79069186981";"0"
"15.07.2015 00:00:00";"17.07.2015 00:00:00";"*4272";"OK";"-796,6600";"RUB";"-796,6600";"RUB";"Топливо";"5541";"AZS 31";"7.96"
"13.07.2015 00:00:00";"15.07.2015 00:00:00";"*4272";"OK";"-59,9000";"RUB";"-59,9000";"RUB";"Супермаркеты";"5411";"LENTA";"0.59"
"12.07.2015 00:00:00";"14.07.2015 00:00:00";"*4272";"OK";"-1082,0000";"RUB";"-1082,0000";"RUB";"Супермаркеты";"5411";"LENTA";"10.82"
"12.07.2015 00:00:00";"14.07.2015 00:00:00";"*4272";"OK";"-148,9600";"RUB";"-148,9600";"RUB";"Жкх/иб";"4900";"GAZ";"0"
"12.07.2015 00:00:00";"13.07.2015 00:00:00";"*4272";"OK";"-115,0000";"RUB";"-115,0000";"RUB";"Супермаркеты";"5411";"OKEY";"1.15"
"12.07.2015 00:00:00";"13.07.2015 00:00:00";"*4272";"OK";"-67,8000";"RUB";"-67,8000";"RUB";"Аптеки";"5912";"OOO APTEKI MEDIKEYA";"0.67"
"10.07.2015 00:00:00";"14.07.2015 00:00:00";"*4272";"OK";"-153,9000";"RUB";"-153,9000";"RUB";"Жкх/иб";"4900";"HOLODNAJA VODA";"0"
"09.07.2015 10:30:17";"09.07.2015 00:00:00";"*9673";"OK";"20300,0000";"RUB";"20300,0000";"RUB";"Финан. услуги";"6012";"Пополнение. Карта другого банка.";"0"
"09.07.2015 10:29:35";"";"*4697";"OK";"-20300,0000";"RUB";"-20300,0000";"RUB";"Переводы";"";"Перевод c карты другого банка";"0"
"09.07.2015 00:00:00";"12.07.2015 00:00:00";"*4272";"OK";"-353,0000";"RUB";"-353,0000";"RUB";"Супермаркеты";"5411";"OKEY";"3.53"
"08.07.2015 13:34:35";"08.07.2015 00:00:00";"*9673";"OK";"8000,0000";"RUB";"8000,0000";"RUB";"Финан. услуги";"6012";"Пополнение. Карта другого банка.";"0"
"08.07.2015 13:34:06";"";"*4697";"OK";"-8000,0000";"RUB";"-8000,0000";"RUB";"Переводы";"";"Перевод c карты другого банка";"0"
"08.07.2015 00:00:00";"10.07.2015 00:00:00";"*9673";"OK";"-244,0000";"RUB";"-244,0000";"RUB";"Разные товары";"5331";"SUSHI MARKET";"2.44"
"05.07.2015 00:00:00";"07.07.2015 00:00:00";"*4272";"OK";"-341,5000";"RUB";"-341,5000";"RUB";"Супермаркеты";"5411";"OKEY";"3.41"
"05.07.2015 00:00:00";"06.07.2015 00:00:00";"*4272";"OK";"-98,6900";"RUB";"-98,6900";"RUB";"Супермаркеты";"5921";"KRASNOE & BELOE";"0.98"
"04.07.2015 00:00:00";"06.07.2015 00:00:00";"*4272";"OK";"-4050,0000";"RUB";"-4050,0000";"RUB";"Авто услуги";"5533";"AKKUMULYATORNYY RAY";"40.50"
"03.07.2015 00:00:00";"03.07.2015 00:00:00";"";"OK";"5863,3800";"RUB";"5863,3800";"RUB";"Проценты";"";"Капитализация";"0"
"03.07.2015 00:00:00";"04.07.2015 00:00:00";"*4272";"OK";"-12,9000";"RUB";"-12,9000";"RUB";"Супермаркеты";"5411";"Магнит";"0.12"
"02.07.2015 00:00:00";"03.07.2015 00:00:00";"*9673";"OK";"-3000,0000";"RUB";"-3000,0000";"RUB";"Наличные";"6011";"Снятие наличных: МДМ, J055750";"0"
"02.07.2015 00:00:00";"03.07.2015 00:00:00";"*9673";"OK";"-590,0000";"RUB";"-590,0000";"RUB";"Жкх/иб";"4900";"VP";"0"
"01.07.2015 00:00:00";"03.07.2015 00:00:00";"*4272";"OK";"-277,0000";"RUB";"-277,0000";"RUB";"Супермаркеты";"5411";"OKEY";"2.77"
"29.06.2015 00:00:00";"29.06.2015 00:00:00";"";"OK";"1059,2800";"RUB";"1059,2800";"RUB";"Проценты";"";"Капитализация";"0"
"28.06.2015 10:52:42";"28.06.2015 00:00:00";"*9673";"OK";"-50,0000";"RUB";"-50,0000";"RUB";"Мобильные/иб";"";"Мегафон - автоплатеж +79236863722";"0"
"28.06.2015 03:22:21";"28.06.2015 00:00:00";"*9673";"OK";"-100,0000";"RUB";"-100,0000";"RUB";"Мобильные/иб";"";"Билайн - автоплатеж +79069186981";"0"
"28.06.2015 00:00:00";"29.06.2015 00:00:00";"*9673";"OK";"-512,5000";"RUB";"-512,5000";"RUB";"Жкх/иб";"4900";"VP";"0"
"28.06.2015 00:00:00";"29.06.2015 00:00:00";"*4272";"OK";"-1455,3000";"RUB";"-1455,3000";"RUB";"Жкх/иб";"4900";"VP";"0"
"28.06.2015 00:00:00";"29.06.2015 00:00:00";"*9673";"OK";"-55,0000";"RUB";"-55,0000";"RUB";"Супермаркеты";"5411";"OKEY";"0.55"
"28.06.2015 00:00:00";"29.06.2015 00:00:00";"*4272";"OK";"-77,1000";"RUB";"-77,1000";"RUB";"Супермаркеты";"5411";"Магнит";"0.77"
"27.06.2015 00:00:00";"29.06.2015 00:00:00";"*9673";"OK";"-18854,0000";"RUB";"-18854,0000";"RUB";"Одежда, обувь";"5691";"OOO TRIAL SPORT 2000";"188.54"
"27.06.2015 00:00:00";"28.06.2015 00:00:00";"*9673";"OK";"-577,4400";"RUB";"-577,4400";"RUB";"Связь, телеком";"4816";"PayPal";"0"
"26.06.2015 07:03:41";"26.06.2015 00:00:00";"*9673";"OK";"500,0000";"RUB";"500,0000";"RUB";"Другое";"";"Грязнов Павел";"0"
"26.06.2015 00:00:00";"01.07.2015 00:00:00";"*4272";"OK";"-789,0000";"RUB";"-789,0000";"RUB";"Топливо";"5541";"AZS 20";"7.89"
"26.06.2015 00:00:00";"29.06.2015 00:00:00";"*4272";"OK";"-799,0000";"RUB";"-799,0000";"RUB";"Одежда, обувь";"5661";"Центробувь";"7.99"
"26.06.2015 00:00:00";"27.06.2015 00:00:00";"*9673";"OK";"-3100,0000";"RUB";"-3100,0000";"RUB";"Наличные";"6011";"Снятие наличных: Газпромбанк, 403130";"0"
"25.06.2015 00:00:00";"25.06.2015 00:00:00";"";"OK";"233,9100";"RUB";"233,9100";"RUB";"Другое";"";"Вознаграждение за операции покупок";"0"
"25.06.2015 00:00:00";"25.06.2015 00:00:00";"";"OK";"327,5600";"RUB";"327,5600";"RUB";"Другое";"";"Проценты на остаток по счету";"0"
"24.06.2015 07:07:58";"24.06.2015 00:00:00";"*9673";"OK";"4000,0000";"RUB";"4000,0000";"RUB";"Финан. услуги";"6012";"Пополнение. Карта другого банка.";"0"
"24.06.2015 07:07:17";"";"*4697";"OK";"-4000,0000";"RUB";"-4000,0000";"RUB";"Переводы";"";"Перевод c карты другого банка";"0"
"23.06.2015 00:00:00";"25.06.2015 00:00:00";"*4272";"OK";"-58,0000";"RUB";"-58,0000";"RUB";"Фастфуд";"5814";"KFC CAFE";"0.58"
"23.06.2015 00:00:00";"25.06.2015 00:00:00";"*4272";"OK";"-604,0000";"RUB";"-604,0000";"RUB";"Фастфуд";"5814";"KFC CAFE";"6.04"
"22.06.2015 00:00:00";"24.06.2015 00:00:00";"*9673";"OK";"-33,8600";"RUB";"-33,8600";"RUB";"Супермаркеты";"5411";"Магнит";"0.33"
"21.06.2015 00:00:00";"22.06.2015 00:00:00";"*4272";"OK";"-1457,0000";"RUB";"-1457,0000";"RUB";"Супермаркеты";"5411";"LENTA";"14.57"
"20.06.2015 00:00:00";"21.06.2015 00:00:00";"*4272";"OK";"-30,2000";"RUB";"-30,2000";"RUB";"Супермаркеты";"5411";"Магнит";"0.30"
"19.06.2015 07:08:17";"19.06.2015 00:00:00";"*9673";"OK";"10000,0000";"RUB";"10000,0000";"RUB";"Финан. услуги";"6012";"Пополнение. Карта другого банка.";"0"
"19.06.2015 07:07:36";"";"*4697";"OK";"-10000,0000";"RUB";"-10000,0000";"RUB";"Переводы";"";"Перевод c карты другого банка";"0"
"18.06.2015 00:00:00";"20.06.2015 00:00:00";"*4272";"OK";"-229,0000";"RUB";"-229,0000";"RUB";"Рестораны";"5812";"KAMPANELLO";"2.29"
"18.06.2015 00:00:00";"19.06.2015 00:00:00";"*9673";"OK";"-9500,0000";"RUB";"-9500,0000";"RUB";"Авто услуги";"5533";"IP MOSKVIN A.V.";"95.00"
"18.06.2015 00:00:00";"19.06.2015 00:00:00";"*9673";"OK";"-49,0000";"RUB";"-49,0000";"RUB";"Супермаркеты";"5462";"PEKARUSHKA";"0.49"
"18.06.2015 00:00:00";"19.06.2015 00:00:00";"*9673";"OK";"-3500,0000";"RUB";"-3500,0000";"RUB";"Наличные";"6011";"Снятие наличных: Газпромбанк, 403130";"0"
"16.06.2015 14:33:00";"16.06.2015 00:00:00";"*9673";"OK";"-1000,0000";"RUB";"-1000,0000";"RUB";"Переводы/иб";"";"Юридическому лицу";"0"
"16.06.2015 14:29:40";"16.06.2015 00:00:00";"*9673";"OK";"4000,0000";"RUB";"4000,0000";"RUB";"Финан. услуги";"6012";"Пополнение. Карта другого банка.";"0"
"16.06.2015 14:29:16";"";"*4697";"OK";"-4000,0000";"RUB";"-4000,0000";"RUB";"Переводы";"";"Перевод c карты другого банка";"0"
"16.06.2015 07:00:07";"16.06.2015 00:00:00";"*9673";"OK";"11000,0000";"RUB";"11000,0000";"RUB";"Финан. услуги";"6012";"Пополнение. Карта другого банка.";"0"
"16.06.2015 06:59:34";"";"*4697";"OK";"-11000,0000";"RUB";"-11000,0000";"RUB";"Переводы";"";"Перевод c карты другого банка";"0"
"16.06.2015 00:00:00";"17.06.2015 00:00:00";"*4272";"OK";"-294,6700";"RUB";"-294,6700";"RUB";"Жкх/иб";"4900";"VP";"0"
"15.06.2015 00:00:00";"17.06.2015 00:00:00";"*4272";"OK";"-74,7900";"RUB";"-74,7900";"RUB";"Супермаркеты";"5921";"KRASNOE & BELOE";"0.74"
"15.06.2015 00:00:00";"16.06.2015 00:00:00";"*4272";"OK";"-21,1000";"RUB";"-21,1000";"RUB";"Супермаркеты";"5411";"Магнит";"0.21"
"14.06.2015 00:00:00";"15.06.2015 00:00:00";"*9673";"OK";"-2281,1000";"RUB";"-2281,1000";"RUB";"Ж/д билеты";"4112";"WWW.RZD.RU";"22.81"
"13.06.2015 00:00:00";"15.06.2015 00:00:00";"*4272";"OK";"-453,5000";"RUB";"-453,5000";"RUB";"Супермаркеты";"5411";"OKEY";"4.53"
"13.06.2015 00:00:00";"15.06.2015 00:00:00";"*4272";"OK";"-1199,0000";"RUB";"-1199,0000";"RUB";"Одежда, обувь";"5699";"Zolla";"11.99"
"13.06.2015 00:00:00";"15.06.2015 00:00:00";"*4272";"OK";"-799,0000";"RUB";"-799,0000";"RUB";"Одежда, обувь";"5661";"Центробувь";"7.99"
"13.06.2015 00:00:00";"13.06.2015 00:00:00";"*4272";"OK";"-885,8500";"RUB";"-885,8500";"RUB";"Супермаркеты";"5411";"Ашан";"8.85"
"12.06.2015 13:41:47";"12.06.2015 00:00:00";"*9673";"OK";"-20000,0000";"RUB";"-20000,0000";"RUB";"Переводы/иб";"";"На вклад «СмартВклад RUB»";"0"
"12.06.2015 13:37:39";"12.06.2015 00:00:00";"*9673";"OK";"16200,0000";"RUB";"16200,0000";"RUB";"Финан. услуги";"6012";"Пополнение. Карта другого банка.";"0"
"12.06.2015 13:37:07";"";"*4697";"OK";"-16200,0000";"RUB";"-16200,0000";"RUB";"Переводы";"";"Перевод c карты другого банка";"0"
"12.06.2015 13:35:49";"12.06.2015 00:00:00";"*9673";"OK";"-20000,0000";"RUB";"-20000,0000";"RUB";"Переводы/иб";"";"На вклад «СмартВклад RUB»";"0"
"12.06.2015 00:00:00";"12.06.2015 00:00:00";"";"OK";"20000,0000";"RUB";"20000,0000";"RUB";"Пополнение вклада";"";"Пополнение вклада. Счет АО ""ТИНЬКОФФ БАНК""";"0"
"12.06.2015 00:00:00";"12.06.2015 00:00:00";"";"OK";"20000,0000";"RUB";"20000,0000";"RUB";"Пополнение вклада";"";"Пополнение вклада. Счет АО ""ТИНЬКОФФ БАНК""";"0"
"12.06.2015 00:00:00";"15.06.2015 00:00:00";"*4272";"OK";"-862,5800";"RUB";"-862,5800";"RUB";"Топливо";"5541";"Газпромнефть";"8.62"
"10.06.2015 10:04:26";"10.06.2015 00:00:00";"*9673";"OK";"4255,0000";"RUB";"4255,0000";"RUB";"Финан. услуги";"6012";"Пополнение. Карта другого банка.";"0"
"10.06.2015 10:03:51";"";"*4697";"OK";"-4255,0000";"RUB";"-4255,0000";"RUB";"Переводы";"";"Перевод c карты другого банка";"0"
"10.06.2015 10:02:25";"10.06.2015 00:00:00";"*9673";"OK";"-1000,0000";"RUB";"-1000,0000";"RUB";"Переводы/иб";"";"Юридическому лицу";"0"
"10.06.2015 00:00:00";"11.06.2015 00:00:00";"*9673";"OK";"-1333,0000";"RUB";"-1333,0000";"RUB";"Супермаркеты";"5411";"LENTA";"13.33"
"09.06.2015 00:00:00";"11.06.2015 00:00:00";"*4272";"OK";"-41,5000";"RUB";"-41,5000";"RUB";"Супермаркеты";"5411";"OKEY";"0.41"
"09.06.2015 00:00:00";"11.06.2015 00:00:00";"*4272";"OK";"-456,0000";"RUB";"-456,0000";"RUB";"Супермаркеты";"5411";"OKEY";"4.56"
"09.06.2015 00:00:00";"11.06.2015 00:00:00";"*4272";"OK";"94,0100";"RUB";"94,0100";"RUB";"Супермаркеты";"5411";"OKEY";"0"
"06.06.2015 14:55:33";"06.06.2015 00:00:00";"*9673";"OK";"-50,0000";"RUB";"-50,0000";"RUB";"Мобильные/иб";"";"Мегафон - автоплатеж +79236863722";"0"
"06.06.2015 09:55:47";"06.06.2015 00:00:00";"*9673";"OK";"-100,0000";"RUB";"-100,0000";"RUB";"Мобильные/иб";"";"Билайн - автоплатеж +79069186981";"0"
"06.06.2015 00:00:00";"08.06.2015 00:00:00";"*9673";"OK";"-375,0000";"RUB";"-375,0000";"RUB";"Фастфуд";"5814";"BISRTO PIZZA  KAFE";"3.75"
"06.06.2015 00:00:00";"08.06.2015 00:00:00";"*9673";"OK";"-434,8000";"RUB";"-434,8000";"RUB";"Супермаркеты";"5411";"NIZKOTSEN";"4.34"
"06.06.2015 00:00:00";"08.06.2015 00:00:00";"*9673";"OK";"-178,0000";"RUB";"-178,0000";"RUB";"Фастфуд";"5814";"KFC CAFE";"1.78"
"05.06.2015 00:00:00";"08.06.2015 00:00:00";"*4272";"OK";"-124,0000";"RUB";"-124,0000";"RUB";"Супермаркеты";"5411";"LENTA";"1.24"
"05.06.2015 00:00:00";"06.06.2015 00:00:00";"*4272";"OK";"-78,4000";"RUB";"-78,4000";"RUB";"Супермаркеты";"5411";"Магнит";"0.78"
"04.06.2015 00:00:00";"06.06.2015 00:00:00";"*4272";"OK";"-56,9900";"RUB";"-56,9900";"RUB";"Супермаркеты";"5921";"KRASNOE I BELOE";"0.56"
"03.06.2015 00:00:00";"03.06.2015 00:00:00";"";"OK";"5967,5900";"RUB";"5967,5900";"RUB";"Проценты";"";"Капитализация";"0"
"02.06.2015 00:00:00";"04.06.2015 00:00:00";"*9673";"OK";"-91,9800";"RUB";"-91,9800";"RUB";"Супермаркеты";"5921";"KRASNOE & BELOE";"0.91"
"02.06.2015 00:00:00";"04.06.2015 00:00:00";"*9673";"OK";"-244,0000";"RUB";"-244,0000";"RUB";"Разные товары";"5331";"SUSHI MARKET";"2.44"
"02.06.2015 00:00:00";"04.06.2015 00:00:00";"*4272";"OK";"-231,0000";"RUB";"-231,0000";"RUB";"Жкх/иб";"4900";"HOLODNAJA VODA";"0"
"30.05.2015 18:03:02";"30.05.2015 00:00:00";"*9673";"OK";"10000,0000";"RUB";"10000,0000";"RUB";"Финан. услуги";"6012";"Пополнение. Карта другого банка.";"0"
"30.05.2015 18:02:36";"";"*4697";"OK";"-10000,0000";"RUB";"-10000,0000";"RUB";"Переводы";"";"Перевод c карты другого банка";"0"
"30.05.2015 00:00:00";"01.06.2015 00:00:00";"*9673";"OK";"-1192,0000";"RUB";"-1192,0000";"RUB";"Супермаркеты";"5411";"LENTA";"11.92"
"30.05.2015 00:00:00";"01.06.2015 00:00:00";"*9673";"OK";"-34,9900";"RUB";"-34,9900";"RUB";"Супермаркеты";"5921";"KRASNOE & BELOE";"0.34"
"30.05.2015 00:00:00";"31.05.2015 00:00:00";"*9673";"OK";"-520,0000";"RUB";"-520,0000";"RUB";"Жкх/иб";"4900";"VSEPLATEZHI";"0"
"29.05.2015 00:00:00";"29.05.2015 00:00:00";"";"OK";"708,7200";"RUB";"708,7200";"RUB";"Проценты";"";"Капитализация";"0"
"29.05.2015 00:00:00";"30.05.2015 00:00:00";"*4272";"OK";"-1178,1800";"RUB";"-1178,1800";"RUB";"Жкх/иб";"4900";"VSEPLATEZHI";"0"
"29.05.2015 00:00:00";"30.05.2015 00:00:00";"*4272";"OK";"-110,3000";"RUB";"-110,3000";"RUB";"Супермаркеты";"5411";"Магнит";"1.10"
"27.05.2015 00:00:00";"28.05.2015 00:00:00";"*9673";"OK";"-538,1300";"RUB";"-538,1300";"RUB";"Связь, телеком";"4816";"PayPal";"0"
"26.05.2015 00:00:00";"27.05.2015 00:00:00";"*4272";"OK";"-61,6800";"RUB";"-61,6800";"RUB";"Супермаркеты";"5411";"Магнит";"0.61"
"25.05.2015 00:00:00";"26.05.2015 00:00:00";"*4272";"OK";"-57,2000";"RUB";"-57,2000";"RUB";"Супермаркеты";"5411";"Магнит";"0.57"
"25.05.2015 00:00:00";"25.05.2015 00:00:00";"";"OK";"31,6500";"RUB";"31,6500";"RUB";"Другое";"";"Вознаграждение за операции покупок";"0"
"25.05.2015 00:00:00";"25.05.2015 00:00:00";"";"OK";"422,9800";"RUB";"422,9800";"RUB";"Другое";"";"Проценты на остаток по счету";"0"
"24.05.2015 00:00:00";"26.05.2015 00:00:00";"*9673";"OK";"-38,7500";"RUB";"-38,7500";"RUB";"Супермаркеты";"5411";"Магнит";"0.38"
"24.05.2015 00:00:00";"25.05.2015 00:00:00";"*9673";"OK";"-2999,0000";"RUB";"-2999,0000";"RUB";"Одежда, обувь";"5691";"""OODJI""";"29.99"
"24.05.2015 00:00:00";"25.05.2015 00:00:00";"*9673";"OK";"-1399,0000";"RUB";"-1399,0000";"RUB";"Одежда, обувь";"5699";"Zolla";"13.99"
"24.05.2015 00:00:00";"25.05.2015 00:00:00";"*9673";"OK";"-699,0000";"RUB";"-699,0000";"RUB";"Одежда, обувь";"5691";"TERRANOVA";"6.99"
"23.05.2015 00:00:00";"26.05.2015 00:00:00";"*4272";"OK";"-38,3000";"RUB";"-38,3000";"RUB";"Супермаркеты";"5411";"NEFTEZAVODSKAJA 27 IPP";"0.38"
"23.05.2015 00:00:00";"25.05.2015 00:00:00";"*9673";"OK";"-1400,0000";"RUB";"-1400,0000";"RUB";"Супермаркеты";"5411";"LENTA";"14.00"
"23.05.2015 00:00:00";"25.05.2015 00:00:00";"*4272";"OK";"-13,8000";"RUB";"-13,8000";"RUB";"Аптеки";"5912";"OOO APTEKI MEDIKEYA";"0.13"
"23.05.2015 00:00:00";"24.05.2015 00:00:00";"*4272";"OK";"-151,9400";"RUB";"-151,9400";"RUB";"Жкх/иб";"4900";"VSEPLATEZHI";"0"
"21.05.2015 00:00:00";"23.05.2015 00:00:00";"*4272";"OK";"-846,0600";"RUB";"-846,0600";"RUB";"Топливо";"5541";"AZS NO31";"8.46"
"21.05.2015 00:00:00";"22.05.2015 00:00:00";"*9673";"OK";"-172,0000";"RUB";"-172,0000";"RUB";"Супермаркеты";"5411";"LENTA";"1.72"
"21.05.2015 00:00:00";"22.05.2015 00:00:00";"*9673";"OK";"-83,0000";"RUB";"-83,0000";"RUB";"Разные товары";"5945";"LEONARDO  SHOP";"0.83"
"20.05.2015 00:00:00";"22.05.2015 00:00:00";"*4272";"OK";"-240,0000";"RUB";"-240,0000";"RUB";"Кино";"7832";"WWW.KINOHOD.RU";"2.40"
"19.05.2015 16:40:29";"19.05.2015 00:00:00";"*9673";"OK";"3941,0000";"RUB";"3941,0000";"RUB";"Финан. услуги";"6012";"Пополнение. Карта другого банка.";"0"
"19.05.2015 16:39:55";"";"*4697";"OK";"-3941,0000";"RUB";"-3941,0000";"RUB";"Переводы";"";"Перевод c карты другого банка";"0"
"18.05.2015 05:06:51";"18.05.2015 00:00:00";"*9673";"OK";"-100,0000";"RUB";"-100,0000";"RUB";"Мобильные/иб";"";"Билайн - автоплатеж +79069186981";"0"
"18.05.2015 00:00:00";"20.05.2015 00:00:00";"*4272";"OK";"-186,5000";"RUB";"-186,5000";"RUB";"Супермаркеты";"5411";"OKEY";"1.86"
"18.05.2015 00:00:00";"20.05.2015 00:00:00";"*4272";"OK";"-59,8000";"RUB";"-59,8000";"RUB";"Супермаркеты";"5921";"KRASNOE & BELOE";"0.59"
"18.05.2015 00:00:00";"20.05.2015 00:00:00";"*4272";"OK";"-331,2000";"RUB";"-331,2000";"RUB";"Аптеки";"5912";"IP SAVCHENKO E.V.";"3.31"
"17.05.2015 05:14:10";"17.05.2015 00:00:00";"*9673";"OK";"-200,0000";"RUB";"-200,0000";"RUB";"Мобильные/иб";"";"Билайн +79652947603";"0"
"16.05.2015 10:17:14";"16.05.2015 00:00:00";"*9673";"OK";"-50,0000";"RUB";"-50,0000";"RUB";"Мобильные/иб";"";"Мегафон - автоплатеж +79236863722";"0"
"16.05.2015 00:00:00";"19.05.2015 00:00:00";"*9673";"OK";"-81,3900";"RUB";"-81,3900";"RUB";"Супермаркеты";"5411";"LENINA IPP3";"0.81"
"16.05.2015 00:00:00";"17.05.2015 00:00:00";"*4272";"OK";"-252,0000";"RUB";"-252,0000";"RUB";"Одежда, обувь";"5641";"IGRUSHKI";"2.52"
"15.05.2015 00:00:00";"18.05.2015 00:00:00";"*4272";"OK";"-119,8000";"RUB";"-119,8000";"RUB";"Супермаркеты";"5921";"KRASNOE & BELOE";"1.19"
"15.05.2015 00:00:00";"17.05.2015 00:00:00";"*4272";"OK";"-200,8500";"RUB";"-200,8500";"RUB";"Жкх/иб";"4900";"VSEPLATEZHI.RU";"0"
"14.05.2015 00:00:00";"15.05.2015 00:00:00";"*4272";"OK";"-80,0000";"RUB";"-80,0000";"RUB";"Фастфуд";"5814";"PROVIANT";"0.80"
"13.05.2015 19:29:39";"13.05.2015 00:00:00";"*9673";"OK";"-100,0000";"RUB";"-100,0000";"RUB";"Мобильные/иб";"";"Билайн +79050963319";"0"
"13.05.2015 19:25:12";"13.05.2015 00:00:00";"*9673";"OK";"7700,0000";"RUB";"7700,0000";"RUB";"Финан. услуги";"6012";"Пополнение. Карта другого банка.";"0"
"13.05.2015 19:24:45";"";"*4697";"OK";"-7700,0000";"RUB";"-7700,0000";"RUB";"Переводы";"";"Перевод c карты другого банка";"0"
"13.05.2015 09:17:30";"13.05.2015 00:00:00";"*9673";"OK";"20000,0000";"RUB";"20000,0000";"RUB";"Другое";"";"Пополнение. Золотая Корона";"0"
"13.05.2015 00:00:00";"15.05.2015 00:00:00";"*9673";"OK";"-7722,0000";"RUB";"-7722,0000";"RUB";"Связь, телеком";"4816";"REGRU";"0"
"12.05.2015 00:00:00";"14.05.2015 00:00:00";"*4272";"OK";"-63,1000";"RUB";"-63,1000";"RUB";"Супермаркеты";"5411";"Магнит";"0.63"
"12.05.2015 00:00:00";"13.05.2015 00:00:00";"*9673";"OK";"-3000,0000";"RUB";"-3000,0000";"RUB";"Наличные";"6011";"Снятие наличных: Газпромбанк, 403150";"0"
"11.05.2015 00:00:00";"11.05.2015 00:00:00";"*4272";"OK";"-691,8200";"RUB";"-691,8200";"RUB";"Супермаркеты";"5411";"Ашан";"6.91"
"10.05.2015 00:00:00";"11.05.2015 00:00:00";"*9673";"OK";"-670,4800";"RUB";"-670,4800";"RUB";"Сервис. услуги";"5964";"Aliexpress.com";"6.70"
"08.05.2015 20:43:02";"08.05.2015 00:00:00";"*9673";"OK";"20000,0000";"RUB";"20000,0000";"RUB";"Другое";"";"Пополнение. Золотая Корона";"0"
"08.05.2015 12:42:04";"08.05.2015 00:00:00";"*9673";"OK";"5650,3900";"RUB";"5650,3900";"RUB";"Финан. услуги";"6012";"Пополнение. Карта другого банка.";"0"
"08.05.2015 12:41:36";"";"*4697";"OK";"-5650,3900";"RUB";"-5650,3900";"RUB";"Переводы";"";"Перевод c карты другого банка";"0"
"08.05.2015 12:40:17";"";"*4697";"FAILED";"-5650,3900";"RUB";"-5650,3900";"RUB";"Переводы";"";"Перевод c карты другого банка";"0"
"08.05.2015 12:39:54";"";"*4697";"FAILED";"-5650,3900";"RUB";"-5650,3900";"RUB";"Переводы";"";"Перевод c карты другого банка";"0"
"08.05.2015 00:00:00";"11.05.2015 00:00:00";"*9673";"OK";"-1895,0000";"RUB";"-1895,0000";"RUB";"Супермаркеты";"5411";"LENTA";"18.95"
"07.05.2015 00:00:00";"09.05.2015 00:00:00";"*4272";"OK";"-826,0000";"RUB";"-826,0000";"RUB";"Топливо";"5541";"Газпромнефть";"8.26"
"06.05.2015 00:00:00";"08.05.2015 00:00:00";"*4272";"OK";"-215,0100";"RUB";"-215,0100";"RUB";"Жкх/иб";"4900";"HOLODNAJA VODA";"0"
"06.05.2015 00:00:00";"07.05.2015 00:00:00";"*9673";"OK";"-530,5600";"RUB";"-530,5600";"RUB";"Связь, телеком";"4816";"PayPal";"0"
"06.05.2015 00:00:00";"07.05.2015 00:00:00";"*9673";"OK";"-15000,0000";"RUB";"-15000,0000";"RUB";"Наличные";"6011";"Снятие наличных: Газпромбанк, 403130";"0"
"05.05.2015 10:23:48";"05.05.2015 00:00:00";"*9673";"OK";"-2100,0000";"RUB";"-2100,0000";"RUB";"Финан. услуги";"6012";"На карту другого банка";"0"
"05.05.2015 00:00:00";"06.05.2015 00:00:00";"*4272";"OK";"-600,0000";"RUB";"-600,0000";"RUB";"Жкх/иб";"4900";"VSEPLATEZHI.RU";"0"
"05.05.2015 00:00:00";"06.05.2015 00:00:00";"*4272";"OK";"-779,1400";"RUB";"-779,1400";"RUB";"Жкх/иб";"4900";"VSEPLATEZHI.RU";"0"
"05.05.2015 00:00:00";"05.05.2015 00:00:00";"*4272";"OK";"-4000,0000";"RUB";"-4000,0000";"RUB";"Наличные";"6011";"Снятие наличных: Уралсиб, 313481";"0"
"05.05.2015 00:00:00";"05.05.2015 00:00:00";"*4272";"OK";"-6000,0000";"RUB";"-6000,0000";"RUB";"Наличные";"6011";"Снятие наличных: Уралсиб, 313481";"0"
"05.05.2015 00:00:00";"05.05.2015 00:00:00";"*9673";"OK";"-31,5000";"RUB";"-31,5000";"RUB";"Другое";"";"Комиссия за перевод по реквизитам карты";"0"
"04.05.2015 00:00:00";"06.05.2015 00:00:00";"*4272";"OK";"-868,0000";"RUB";"-868,0000";"RUB";"Супермаркеты";"5411";"OKEY";"8.68"